PassengerId,Survived,Pclass,Sex,Age,SibSp,Parch,Fare,Embarked_Q,Embarked_S,Title_Miss,Title_Mr,Title_Mrs,Title_Rare
1,0,0.6852080657475538,0,-0.608518043858027,0.6859041742904549,-0.4101032341546626,-0.7481278144442531,0,1,0,1,0,0
3,1,0.6852080657475538,1,-0.20911748889977727,-0.4859842372342323,-0.4101032341546626,-0.6983256478205332,0,1,1,0,0,0
4,1,-2.1059502133710137,1,0.6895337597562847,0.6859041742904549,-0.4101032341546626,2.6347304665891658,0,1,0,0,1,0
5,0,0.6852080657475538,0,0.6895337597562847,-0.4859842372342323,-0.4101032341546626,-0.6891030243716961,0,1,0,1,0,0
6,0,0.6852080657475538,0,-0.009417211420652386,-0.4859842372342323,-0.4101032341546626,-0.658978247138415,1,0,0,1,0,0
7,0,-2.1059502133710137,0,2.586686395807971,-0.4859842372342323,-0.4101032341546626,2.543426494445679,0,1,0,1,0,0
9,1,0.6852080657475538,1,-0.10926735016021483,-0.4859842372342323,2.1279605583389998,-0.46161410533330277,0,1,0,0,1,0
10,1,-0.71037107381173,1,-1.4073191537745264,0.6859041742904549,-0.4101032341546626,0.9356133471655056,0,0,0,0,1,0
11,1,0.6852080657475538,1,-2.4058205411701508,0.6859041742904549,0.8589286620921687,-0.05089748171217453,0,1,1,0,0,0
13,0,0.6852080657475538,0,-0.8082183213371519,-0.4859842372342323,-0.4101032341546626,-0.6891030243716961,0,1,0,1,0,0
14,0,0.6852080657475538,0,1.0889343147145345,0.6859041742904549,5.935056247079493,1.0244604124222219,0,1,0,1,0,0
15,0,0.6852080657475538,1,-1.4073191537745264,-0.4859842372342323,-0.4101032341546626,-0.7035493417419546,0,1,1,0,0,0
18,1,-0.71037107381173,0,-0.009417211420652386,-0.4859842372342323,-0.4101032341546626,-0.32388713579775025,0,1,0,1,0,0
19,0,0.6852080657475538,1,0.29013320479803495,0.6859041742904549,-0.4101032341546626,0.04501780215573053,0,1,0,0,1,0
20,1,0.6852080657475538,1,-0.009417211420652386,-0.4859842372342323,-0.4101032341546626,-0.7499723391340206,0,0,0,0,1,0
21,0,-0.71037107381173,0,0.6895337597562847,-0.4859842372342323,-0.4101032341546626,0.6352657028812998,0,1,0,1,0,0
22,1,-0.71037107381173,0,0.5896836210167222,-0.4859842372342323,-0.4101032341546626,-0.32388713579775025,0,1,0,1,0,0
23,1,0.6852080657475538,1,-1.3074690150349642,-0.4859842372342323,-0.4101032341546626,-0.6906376689135827,1,0,1,0,0,0
24,1,-2.1059502133710137,0,-0.009417211420652386,-0.4859842372342323,-0.4101032341546626,1.3361850849929133,0,1,0,1,0,0
25,0,0.6852080657475538,1,-2.006419986211901,3.0296809973398298,0.8589286620921687,0.2718943389971212,0,1,1,0,0,0
26,1,0.6852080657475538,1,0.989084175974972,0.6859041742904549,5.935056247079493,1.0327607735261752,0,1,0,0,1,0
27,0,0.6852080657475538,0,-0.009417211420652386,-0.4859842372342323,-0.4101032341546626,-0.7499723391340206,0,0,0,1,0,0
29,1,0.6852080657475538,1,-0.009417211420652386,-0.4859842372342323,-0.4101032341546626,-0.701704817052187,1,0,1,0,0,0
30,0,0.6852080657475538,0,-0.009417211420652386,-0.4859842372342323,-0.4101032341546626,-0.7004800526581815,0,1,0,1,0,0
31,0,-2.1059502133710137,0,1.1887844534540968,-0.4859842372342323,-0.4101032341546626,0.7622280263273697,0,0,0,0,0,1
33,1,0.6852080657475538,1,-0.009417211420652386,-0.4859842372342323,-0.4101032341546626,-0.7112373206489051,1,0,1,0,0,0
36,0,-2.1059502133710137,0,1.3884847309332218,0.6859041742904549,-0.4101032341546626,2.5535713802394,0,1,0,1,0,0
37,1,0.6852080657475538,0,-0.009417211420652386,-0.4859842372342323,-0.4101032341546626,-0.7496624589861397,0,0,0,1,0,0
38,0,0.6852080657475538,0,-0.7083681825975895,-0.4859842372342323,-0.4101032341546626,-0.6891030243716961,0,1,0,1,0,0
39,0,0.6852080657475538,1,-1.0079185988162767,1.8577925858151423,-0.4101032341546626,0.04501780215573053,0,1,1,0,0,0
40,1,0.6852080657475538,1,-1.4073191537745264,0.6859041742904549,-0.4101032341546626,-0.4536162462784713,0,0,1,0,0,0
41,0,0.6852080657475538,1,1.1887844534540968,0.6859041742904549,-0.4101032341546626,-0.5839651170549542,0,1,0,0,1,0
42,0,-0.71037107381173,1,-0.10926735016021483,0.6859041742904549,-0.4101032341546626,0.266360764927819,0,1,0,0,1,0
43,0,0.6852080657475538,0,-0.009417211420652386,-0.4859842372342323,-0.4101032341546626,-0.7004800526581815,0,0,0,1,0,0
44,1,-0.71037107381173,1,-2.5056706799097133,0.6859041742904549,2.1279605583389998,1.7847144647542734,0,0,1,0,0,0
45,1,0.6852080657475538,1,-0.9080684600767143,-0.4859842372342323,-0.4101032341546626,-0.701704817052187,1,0,1,0,0,0
46,0,0.6852080657475538,0,-0.009417211420652386,-0.4859842372342323,-0.4101032341546626,-0.6891030243716961,0,1,0,1,0,0
47,0,0.6852080657475538,0,-0.009417211420652386,0.6859041742904549,-0.4101032341546626,-0.13943466682100986,1,0,0,1,0,0
48,1,0.6852080657475538,1,-0.009417211420652386,-0.4859842372342323,-0.4101032341546626,-0.7112373206489051,1,0,1,0,0,0
49,0,0.6852080657475538,0,-0.009417211420652386,1.8577925858151423,-0.4101032341546626,0.31647281169941993,0,0,0,1,0,0
50,0,0.6852080657475538,1,-1.0079185988162767,0.6859041742904549,-0.4101032341546626,0.03026160463759135,0,1,0,0,1,0
51,0,0.6852080657475538,0,-2.1062701249514637,4.2015694088645175,0.8589286620921687,1.6451429705289533,0,1,0,0,0,0
52,0,0.6852080657475538,0,-0.7083681825975895,-0.4859842372342323,-0.4101032341546626,-0.7075482712693703,0,1,0,1,0,0
54,1,-0.71037107381173,1,0.09043292731891005,0.6859041742904549,-0.4101032341546626,0.6352657028812998,0,1,0,0,1,0
56,1,-2.1059502133710137,0,-0.009417211420652386,-0.4859842372342323,-0.4101032341546626,1.3361850849929133,0,1,0,1,0,0
57,1,-0.71037107381173,1,-0.7083681825975895,-0.4859842372342323,-0.4101032341546626,-0.5083396047744906,0,1,1,0,0,0
58,0,0.6852080657475538,0,0.04050785794912883,-0.4859842372342323,-0.4101032341546626,-0.7496624589861397,0,0,0,1,0,0
59,1,-0.71037107381173,1,-2.3059704024305883,0.6859041742904549,2.1279605583389998,0.764382431165018,0,1,1,0,0,0
60,0,0.6852080657475538,0,-1.7068695699932137,5.373457820389204,2.1279605583389998,2.1772883435268495,0,1,0,0,0,0
61,0,0.6852080657475538,0,-0.608518043858027,-0.4859842372342323,-0.4101032341546626,-0.7496624589861397,0,0,0,1,0,0
64,0,0.6852080657475538,0,-2.4058205411701508,3.0296809973398298,2.1279605583389998,0.7754495793036223,0,1,0,0,0,0
65,0,-2.1059502133710137,0,-0.009417211420652386,-0.4859842372342323,-0.4101032341546626,0.7622280263273697,0,0,0,1,0,0
66,1,0.6852080657475538,0,-0.009417211420652386,0.6859041742904549,0.8589286620921687,-0.1581897938665649,0,0,0,0,0,0
67,1,-0.71037107381173,1,0.09043292731891005,-0.4859842372342323,-0.4101032341546626,-0.5083396047744906,0,1,0,0,1,0
68,0,0.6852080657475538,0,-0.9080684600767143,-0.4859842372342323,-0.4101032341546626,-0.6811125434156238,0,1,0,1,0,0
69,1,0.6852080657475538,1,-1.1077687375558392,4.2015694088645175,2.1279605583389998,-0.6983256478205332,0,1,1,0,0,0
70,0,0.6852080657475538,0,-0.20911748889977727,1.8577925858151423,-0.4101032341546626,-0.6439121694723948,0,1,0,1,0,0
71,0,-0.71037107381173,0,0.38998334353759734,-0.4859842372342323,-0.4101032341546626,-0.5083396047744906,0,1,0,1,0,0
72,0,0.6852080657475538,1,-1.2076188762954017,5.373457820389204,2.1279605583389998,2.1772883435268495,0,1,1,0,0,0
74,0,0.6852080657475538,0,-0.20911748889977727,0.6859041742904549,-0.4101032341546626,-0.21659482364335989,0,0,0,1,0,0
75,1,0.6852080657475538,0,0.38998334353759734,-0.4859842372342323,-0.4101032341546626,2.885275944249652,0,1,0,1,0,0
76,0,0.6852080657475538,0,-0.3089676276393397,-0.4859842372342323,-0.4101032341546626,-0.7186154194079747,0,1,0,1,0,0
77,0,0.6852080657475538,0,-0.009417211420652386,-0.4859842372342323,-0.4101032341546626,-0.7004800526581815,0,1,0,1,0,0
78,0,0.6852080657475538,0,-0.009417211420652386,-0.4859842372342323,-0.4101032341546626,-0.6891030243716961,0,1,0,1,0,0
80,1,0.6852080657475538,1,0.19028306605847248,-0.4859842372342323,-0.4101032341546626,-0.36262215428286576,0,1,1,0,0,0
81,0,0.6852080657475538,0,-0.608518043858027,-0.4859842372342323,-0.4101032341546626,-0.6190110861605349,0,1,0,1,0,0
82,1,0.6852080657475538,0,0.09043292731891005,-0.4859842372342323,-0.4101032341546626,-0.5821205923651868,0,1,0,1,0,0
83,1,0.6852080657475538,1,-0.009417211420652386,-0.4859842372342323,-0.4101032341546626,-0.7084705336142539,1,0,1,0,0,0
84,0,-2.1059502133710137,0,-0.009417211420652386,-0.4859842372342323,-0.4101032341546626,2.192044541044989,0,1,0,1,0,0
85,1,-0.71037107381173,1,-1.1077687375558392,-0.4859842372342323,-0.4101032341546626,-0.5083396047744906,0,1,1,0,0,0
86,1,0.6852080657475538,1,0.4898334822771598,3.0296809973398298,-0.4101032341546626,-0.11361132116426623,0,1,0,0,1,0
87,0,0.6852080657475538,0,-1.2076188762954017,0.6859041742904549,3.3969924545858317,1.25318147395338,0,1,0,1,0,0
88,0,0.6852080657475538,0,-0.009417211420652386,-0.4859842372342323,-0.4101032341546626,-0.6891030243716961,0,1,0,1,0,0
90,0,0.6852080657475538,0,-0.40881776637890216,-0.4859842372342323,-0.4101032341546626,-0.6891030243716961,0,1,0,1,0,0
91,0,0.6852080657475538,0,0.09043292731891005,-0.4859842372342323,-0.4101032341546626,-0.6891030243716961,0,1,0,1,0,0
92,0,0.6852080657475538,0,-0.8082183213371519,-0.4859842372342323,-0.4101032341546626,-0.7035493417419546,0,1,0,1,0,0
93,0,-2.1059502133710137,0,1.7878852858914716,0.6859041742904549,-0.4101032341546626,3.230511941384037,0,1,0,1,0,0
94,0,0.6852080657475538,0,-0.20911748889977727,0.6859041742904549,2.1279605583389998,0.23500384520177306,0,1,0,1,0,0
96,0,0.6852080657475538,0,-0.009417211420652386,-0.4859842372342323,-0.4101032341546626,-0.6891030243716961,0,1,0,1,0,0
98,1,-2.1059502133710137,0,-0.5086679051184646,-0.4859842372342323,0.8589286620921687,3.391597971590804,0,0,0,1,0,0
99,1,-0.71037107381173,1,0.5896836210167222,-0.4859842372342323,0.8589286620921687,0.4139227401092113,0,1,0,0,1,0
100,0,-0.71037107381173,0,0.5896836210167222,0.6859041742904549,-0.4101032341546626,0.6352657028812998,0,1,0,1,0,0
101,0,0.6852080657475538,1,-0.009417211420652386,-0.4859842372342323,-0.4101032341546626,-0.7004800526581815,0,1,1,0,0,0
102,0,0.6852080657475538,0,-0.009417211420652386,-0.4859842372342323,-0.4101032341546626,-0.7004800526581815,0,1,0,1,0,0
104,0,0.6852080657475538,0,0.4898334822771598,-0.4859842372342323,-0.4101032341546626,-0.6445245516693976,0,1,0,1,0,0
105,0,0.6852080657475538,0,0.8892340372354095,1.8577925858151423,-0.4101032341546626,-0.6983256478205332,0,1,0,1,0,0
106,0,0.6852080657475538,0,-0.009417211420652386,-0.4859842372342323,-0.4101032341546626,-0.7004800526581815,0,1,0,1,0,0
107,1,0.6852080657475538,1,-0.7083681825975895,-0.4859842372342323,-0.4101032341546626,-0.7186154194079747,0,1,1,0,0,0
108,1,0.6852080657475538,0,-0.009417211420652386,-0.4859842372342323,-0.4101032341546626,-0.7093927959591376,0,1,0,1,0,0
109,0,0.6852080657475538,0,0.989084175974972,-0.4859842372342323,-0.4101032341546626,-0.7004800526581815,0,1,0,1,0,0
110,1,0.6852080657475538,1,-0.009417211420652386,0.6859041742904549,-0.4101032341546626,0.49877087583851176,1,0,1,0,0,0
111,0,-2.1059502133710137,0,1.8877354246310338,-0.4859842372342323,-0.4101032341546626,2.5535713802394,0,1,0,1,0,0
112,0,0.6852080657475538,1,-1.3573940844047452,0.6859041742904549,-0.4101032341546626,-0.21659482364335989,0,0,1,0,0,0
113,0,0.6852080657475538,0,-0.608518043858027,-0.4859842372342323,-0.4101032341546626,-0.6891030243716961,0,1,0,1,0,0
114,0,0.6852080657475538,1,-0.8082183213371519,0.6859041742904549,-0.4101032341546626,-0.5581417713982106,0,1,1,0,0,0
115,0,0.6852080657475538,1,-1.1077687375558392,-0.4859842372342323,-0.4101032341546626,-0.21629232159423809,0,0,1,0,0,0
116,0,0.6852080657475538,0,-0.7083681825975895,-0.4859842372342323,-0.4101032341546626,-0.6983256478205332,0,1,0,1,0,0
118,0,-0.71037107381173,0,0.09043292731891005,0.6859041742904549,-0.4101032341546626,0.266360764927819,0,1,0,1,0,0
122,0,0.6852080657475538,0,-0.009417211420652386,-0.4859842372342323,-0.4101032341546626,-0.6891030243716961,0,1,0,1,0,0
123,0,-0.71037107381173,0,0.4399084129073786,0.6859041742904549,-0.4101032341546626,0.9356133471655056,0,0,0,1,0,0
124,1,-0.71037107381173,1,0.4399084129073786,-0.4859842372342323,-0.4101032341546626,-0.32388713579775025,0,1,1,0,0,0
126,1,0.6852080657475538,0,-1.6070194312536514,0.6859041742904549,-0.4101032341546626,-0.4536162462784713,0,0,0,0,0,0
127,0,0.6852080657475538,0,-0.009417211420652386,-0.4859842372342323,-0.4101032341546626,-0.7112373206489051,1,0,0,1,0,0
128,1,0.6852080657475538,0,-0.40881776637890216,-0.4859842372342323,-0.4101032341546626,-0.7561182954003255,0,1,0,1,0,0
129,1,0.6852080657475538,1,-0.009417211420652386,0.6859041742904549,0.8589286620921687,0.36657748037226157,0,0,1,0,0,0
130,0,0.6852080657475538,0,1.688035147151909,-0.4859842372342323,-0.4101032341546626,-0.7684175860316946,0,1,0,1,0,0
131,0,0.6852080657475538,0,0.4898334822771598,-0.4859842372342323,-0.4101032341546626,-0.7004800526581815,0,0,0,1,0,0
132,0,0.6852080657475538,0,-0.8082183213371519,-0.4859842372342323,-0.4101032341546626,-0.7628840119623923,0,1,0,1,0,0
133,0,0.6852080657475538,1,1.8877354246310338,0.6859041742904549,-0.4101032341546626,-0.213215654411706,0,1,0,0,1,0
134,1,-0.71037107381173,1,0.09043292731891005,0.6859041742904549,-0.4101032341546626,0.6352657028812998,0,1,0,0,1,0
135,0,-0.71037107381173,0,-0.3089676276393397,-0.4859842372342323,-0.4101032341546626,-0.32388713579775025,0,1,0,1,0,0
136,0,-0.71037107381173,0,-0.5086679051184646,-0.4859842372342323,-0.4101032341546626,-0.17294599138470407,0,0,0,1,0,0
137,1,-2.1059502133710137,1,-0.9080684600767143,-0.4859842372342323,2.1279605583389998,0.6561678566657441,0,1,1,0,0,0
138,0,-2.1059502133710137,0,0.8892340372354095,0.6859041742904549,-0.4101032341546626,2.6347304665891658,0,1,0,1,0,0
139,0,0.6852080657475538,0,-1.2076188762954017,-0.4859842372342323,-0.4101032341546626,-0.603022746149631,0,1,0,1,0,0
141,0,0.6852080657475538,1,-0.009417211420652386,-0.4859842372342323,2.1279605583389998,-0.1581897938665649,0,0,0,0,1,0
142,1,0.6852080657475538,1,-0.608518043858027,-0.4859842372342323,-0.4101032341546626,-0.7112373206489051,0,1,1,0,0,0
143,1,0.6852080657475538,1,-0.40881776637890216,0.6859041742904549,-0.4101032341546626,-0.11361132116426623,0,1,0,0,1,0
144,0,0.6852080657475538,0,-0.9080684600767143,-0.4859842372342323,-0.4101032341546626,-0.7850183082396012,1,0,0,1,0,0
145,0,-0.71037107381173,0,-1.0079185988162767,-0.4859842372342323,-0.4101032341546626,-0.43455861718379446,0,1,0,1,0,0
146,0,-0.71037107381173,0,-0.9080684600767143,0.6859041742904549,0.8589286620921687,1.4284113194812835,0,1,0,1,0,0
147,1,0.6852080657475538,0,-0.10926735016021483,-0.4859842372342323,-0.4101032341546626,-0.7078581514172512,0,1,0,1,0,0
148,0,0.6852080657475538,1,-1.9065698474723387,1.8577925858151423,2.1279605583389998,1.25318147395338,0,1,1,0,0,0
149,0,-0.71037107381173,0,0.8393089678656284,-0.4859842372342323,2.1279605583389998,0.6352657028812998,0,1,0,1,0,0
150,0,-0.71037107381173,0,1.3884847309332218,-0.4859842372342323,-0.4101032341546626,-0.32388713579775025,0,1,0,0,0,1
151,0,-0.71037107381173,0,2.2871359795892836,-0.4859842372342323,-0.4101032341546626,-0.3589331049033309,0,1,0,0,0,1
154,0,0.6852080657475538,0,1.238709522823878,-0.4859842372342323,2.1279605583389998,-0.213215654411706,0,1,0,1,0,0
155,0,0.6852080657475538,0,-0.009417211420652386,-0.4859842372342323,-0.4101032341546626,-0.7435165027198346,0,1,0,1,0,0
156,0,-2.1059502133710137,0,2.2871359795892836,-0.4859842372342323,0.8589286620921687,3.245578019050057,0,0,0,1,0,0
157,1,0.6852080657475538,1,-1.2076188762954017,-0.4859842372342323,-0.4101032341546626,-0.7124694631416697,1,0,1,0,0,0
158,0,0.6852080657475538,0,0.19028306605847248,-0.4859842372342323,-0.4101032341546626,-0.6891030243716961,0,1,0,1,0,0
159,0,0.6852080657475538,0,-0.009417211420652386,-0.4859842372342323,-0.4101032341546626,-0.6439121694723948,0,1,0,1,0,0
161,0,0.6852080657475538,0,1.5881850084123466,-0.4859842372342323,0.8589286620921687,-0.09516607426659206,0,1,0,1,0,0
162,1,-0.71037107381173,1,1.1887844534540968,-0.4859842372342323,-0.4101032341546626,-0.12098941992333583,0,1,0,0,1,0
163,0,0.6852080657475538,0,-0.20911748889977727,-0.4859842372342323,-0.4101032341546626,-0.7093927959591376,0,1,0,1,0,0
164,0,0.6852080657475538,0,-1.1077687375558392,-0.4859842372342323,-0.4101032341546626,-0.6439121694723948,0,1,0,1,0,0
166,1,0.6852080657475538,0,-1.9065698474723387,-0.4859842372342323,2.1279605583389998,0.2313147958222382,0,1,0,0,0,0
167,1,-2.1059502133710137,1,-0.009417211420652386,-0.4859842372342323,0.8589286620921687,2.7749143430114884,0,1,0,0,1,0
168,0,0.6852080657475538,1,1.688035147151909,0.6859041742904549,4.666024350832663,0.7754495793036223,0,1,0,0,1,0
169,0,-2.1059502133710137,0,-0.009417211420652386,-0.4859842372342323,-0.4101032341546626,0.6297321288119976,0,1,0,1,0,0
170,0,0.6852080657475538,0,-0.009417211420652386,-0.4859842372342323,-0.4101032341546626,2.885275944249652,0,1,0,1,0,0
172,0,0.6852080657475538,0,-2.4058205411701508,4.2015694088645175,0.8589286620921687,0.8658312891022253,1,0,0,0,0,0
174,0,0.6852080657475538,0,-0.7083681825975895,-0.4859842372342323,-0.4101032341546626,-0.6983256478205332,0,1,0,1,0,0
176,0,0.6852080657475538,0,-1.0079185988162767,0.6859041742904549,0.8589286620921687,-0.7035493417419546,0,1,0,1,0,0
177,0,0.6852080657475538,0,-0.009417211420652386,3.0296809973398298,0.8589286620921687,0.5959183021991815,0,1,0,0,0,0
178,0,-2.1059502133710137,1,2.187285840849721,-0.4859842372342323,-0.4101032341546626,0.8353966317210629,0,0,1,0,0,0
179,0,-0.71037107381173,0,0.19028306605847248,-0.4859842372342323,-0.4101032341546626,-0.32388713579775025,0,1,0,1,0,0
180,0,0.6852080657475538,0,0.7893838984958471,-0.4859842372342323,-0.4101032341546626,-1.2830399744768002,0,1,0,1,0,0
182,0,-0.71037107381173,0,-0.009417211420652386,-0.4859842372342323,-0.4101032341546626,-0.17263611123682307,0,0,0,1,0,0
183,0,0.6852080657475538,0,-1.9065698474723387,4.2015694088645175,2.1279605583389998,1.0327607735261752,0,1,0,0,0,0
185,1,0.6852080657475538,1,-2.4058205411701508,-0.4859842372342323,2.1279605583389998,0.34198627720828245,0,1,1,0,0,0
186,0,-2.1059502133710137,0,-0.009417211420652386,-0.4859842372342323,-0.4101032341546626,2.4060094050580076,0,1,0,1,0,0
187,1,0.6852080657475538,1,-0.009417211420652386,0.6859041742904549,-0.4101032341546626,-0.13943466682100986,1,0,0,0,1,0
188,1,-2.1059502133710137,0,1.688035147151909,-0.4859842372342323,-0.4101032341546626,0.6758452460561827,0,1,0,1,0,0
189,0,0.6852080657475538,0,1.1887844534540968,0.6859041742904549,0.8589286620921687,-0.13943466682100986,1,0,0,1,0,0
190,0,0.6852080657475538,0,0.7893838984958471,-0.4859842372342323,-0.4101032341546626,-0.7004800526581815,0,1,0,1,0,0
191,1,-0.71037107381173,1,0.38998334353759734,-0.4859842372342323,-0.4101032341546626,-0.32388713579775025,0,1,0,0,1,0
192,0,-0.71037107381173,0,-0.9080684600767143,-0.4859842372342323,-0.4101032341546626,-0.32388713579775025,0,1,0,1,0,0
193,1,0.6852080657475538,1,-0.9080684600767143,0.6859041742904549,-0.4101032341546626,-0.7035493417419546,0,1,1,0,0,0
194,1,-0.71037107381173,0,-2.5056706799097133,0.6859041742904549,0.8589286620921687,0.6352657028812998,0,1,0,0,0,0
195,1,-2.1059502133710137,1,1.5881850084123466,-0.4859842372342323,-0.4101032341546626,0.7622280263273697,0,0,0,0,1,0
197,0,0.6852080657475538,0,-0.009417211420652386,-0.4859842372342323,-0.4101032341546626,-0.7112373206489051,1,0,0,1,0,0
198,0,0.6852080657475538,0,1.3884847309332218,-0.4859842372342323,0.8589286620921687,-0.6629697985670717,0,1,0,1,0,0
199,1,0.6852080657475538,1,-0.009417211420652386,-0.4859842372342323,-0.4101032341546626,-0.7112373206489051,1,0,1,0,0,0
200,0,-0.71037107381173,1,-0.40881776637890216,-0.4859842372342323,-0.4101032341546626,-0.32388713579775025,0,1,1,0,0,0
201,0,0.6852080657475538,0,-0.009417211420652386,-0.4859842372342323,-0.4101032341546626,-0.5821205923651868,0,1,0,1,0,0
203,0,0.6852080657475538,0,0.5896836210167222,-0.4859842372342323,-0.4101032341546626,-0.8037734352851562,0,1,0,1,0,0
204,0,0.6852080657475538,0,1.7379602165216903,-0.4859842372342323,-0.4101032341546626,-0.7499723391340206,0,0,0,1,0,0
205,1,0.6852080657475538,0,-1.0079185988162767,-0.4859842372342323,-0.4101032341546626,-0.6891030243716961,0,1,0,1,0,0
207,0,0.6852080657475538,0,0.38998334353759734,0.6859041742904549,-0.4101032341546626,-0.11361132116426623,0,1,0,1,0,0
208,1,0.6852080657475538,0,-0.20911748889977727,-0.4859842372342323,-0.4101032341546626,0.10312032988340385,0,0,0,1,0,0
209,1,0.6852080657475538,1,-1.2076188762954017,-0.4859842372342323,-0.4101032341546626,-0.7112373206489051,1,0,1,0,0,0
210,1,-2.1059502133710137,0,1.1887844534540968,-0.4859842372342323,-0.4101032341546626,1.0041706408347806,0,0,0,1,0,0
211,0,0.6852080657475538,0,-0.40881776637890216,-0.4859842372342323,-0.4101032341546626,-0.7628840119623923,0,1,0,1,0,0
212,1,-0.71037107381173,1,0.6895337597562847,-0.4859842372342323,-0.4101032341546626,0.266360764927819,0,1,1,0,0,0
213,0,0.6852080657475538,0,-0.608518043858027,-0.4859842372342323,-0.4101032341546626,-0.7481278144442531,0,1,0,1,0,0
214,0,-0.71037107381173,0,0.19028306605847248,-0.4859842372342323,-0.4101032341546626,-0.32388713579775025,0,1,0,1,0,0
215,0,0.6852080657475538,0,-0.009417211420652386,0.6859041742904549,-0.4101032341546626,-0.7112373206489051,1,0,0,1,0,0
217,1,0.6852080657475538,1,-0.10926735016021483,-0.4859842372342323,-0.4101032341546626,-0.6983256478205332,0,1,1,0,0,0
218,0,-0.71037107381173,0,1.3884847309332218,0.6859041742904549,-0.4101032341546626,0.709046690471996,0,1,0,1,0,0
220,0,-0.71037107381173,0,0.19028306605847248,-0.4859842372342323,-0.4101032341546626,-0.5083396047744906,0,1,0,1,0,0
221,1,0.6852080657475538,0,-1.2076188762954017,-0.4859842372342323,-0.4101032341546626,-0.6891030243716961,0,1,0,1,0,0
222,0,-0.71037107381173,0,-0.10926735016021483,-0.4859842372342323,-0.4101032341546626,-0.32388713579775025,0,1,0,1,0,0
223,0,0.6852080657475538,0,2.2871359795892836,-0.4859842372342323,-0.4101032341546626,-0.6891030243716961,0,1,0,1,0,0
224,0,0.6852080657475538,0,-0.009417211420652386,-0.4859842372342323,-0.4101032341546626,-0.7004800526581815,0,1,0,1,0,0
226,0,0.6852080657475538,0,-0.608518043858027,-0.4859842372342323,-0.4101032341546626,-0.5931877405037912,0,1,0,1,0,0
227,1,-0.71037107381173,0,-0.9080684600767143,-0.4859842372342323,-0.4101032341546626,-0.5083396047744906,0,1,0,1,0,0
228,0,0.6852080657475538,0,-0.7582932519673706,-0.4859842372342323,-0.4101032341546626,-0.7481278144442531,0,1,0,1,0,0
229,0,-0.71037107381173,0,-1.0079185988162767,-0.4859842372342323,-0.4101032341546626,-0.32388713579775025,0,1,0,1,0,0
230,0,0.6852080657475538,1,-0.009417211420652386,3.0296809973398298,0.8589286620921687,0.5959183021991815,0,1,1,0,0,0
232,0,0.6852080657475538,0,0.09043292731891005,-0.4859842372342323,-0.4101032341546626,-0.7093927959591376,0,1,0,1,0,0
234,1,0.6852080657475538,1,-2.3059704024305883,4.2015694088645175,2.1279605583389998,1.0327607735261752,0,1,1,0,0,0
235,0,-0.71037107381173,0,-0.40881776637890216,-0.4859842372342323,-0.4101032341546626,-0.5083396047744906,0,1,0,1,0,0
236,0,0.6852080657475538,1,-0.009417211420652386,-0.4859842372342323,-0.4101032341546626,-0.7259935181670443,0,1,1,0,0,0
237,0,-0.71037107381173,0,1.5881850084123466,0.6859041742904549,-0.4101032341546626,0.6352657028812998,0,1,0,1,0,0
238,1,-0.71037107381173,1,-2.006419986211901,-0.4859842372342323,2.1279605583389998,0.6537109497789738,0,1,1,0,0,0
239,0,-0.71037107381173,0,-0.9080684600767143,-0.4859842372342323,-0.4101032341546626,-0.5083396047744906,0,1,0,1,0,0
240,0,-0.71037107381173,0,0.4898334822771598,-0.4859842372342323,-0.4101032341546626,-0.37737835180100493,0,1,0,1,0,0
241,0,0.6852080657475538,1,-0.009417211420652386,0.6859041742904549,-0.4101032341546626,-0.21659482364335989,0,0,1,0,0,0
242,1,0.6852080657475538,1,-0.009417211420652386,0.6859041742904549,-0.4101032341546626,-0.13943466682100986,1,0,1,0,0,0
243,0,-0.71037107381173,0,0.09043292731891005,-0.4859842372342323,-0.4101032341546626,-0.5083396047744906,0,1,0,1,0,0
244,0,0.6852080657475538,0,-0.608518043858027,-0.4859842372342323,-0.4101032341546626,-0.7573504378930902,0,1,0,1,0,0
245,0,0.6852080657475538,0,0.19028306605847248,-0.4859842372342323,-0.4101032341546626,-0.7499723391340206,0,0,0,1,0,0
247,0,0.6852080657475538,1,-0.3089676276393397,-0.4859842372342323,-0.4101032341546626,-0.7093927959591376,0,1,1,0,0,0
248,1,-0.71037107381173,1,-0.40881776637890216,-0.4859842372342323,2.1279605583389998,-0.213215654411706,0,1,0,0,1,0
249,1,-2.1059502133710137,0,0.8892340372354095,0.6859041742904549,0.8589286620921687,2.5944608035621637,0,1,0,1,0,0
250,0,-0.71037107381173,0,2.586686395807971,0.6859041742904549,-0.4101032341546626,0.6352657028812998,0,1,0,0,0,1
251,0,0.6852080657475538,0,-0.009417211420652386,-0.4859842372342323,-0.4101032341546626,-0.7481278144442531,0,1,0,1,0,0
252,0,0.6852080657475538,1,0.09043292731891005,0.6859041742904549,0.8589286620921687,-0.5111063918091417,0,1,0,0,1,0
254,0,0.6852080657475538,0,0.19028306605847248,0.6859041742904549,-0.4101032341546626,-0.09516607426659206,0,1,0,1,0,0
255,0,0.6852080657475538,1,1.2886345921936593,-0.4859842372342323,2.1279605583389998,0.20825823720014566,0,1,0,0,1,0
256,1,0.6852080657475538,1,0.09043292731891005,-0.4859842372342323,2.1279605583389998,-0.1581897938665649,0,0,0,0,1,0
260,1,-0.71037107381173,1,2.187285840849721,-0.4859842372342323,0.8589286620921687,0.6352657028812998,0,1,0,0,1,0
261,0,0.6852080657475538,0,-0.009417211420652386,-0.4859842372342323,-0.4101032341546626,-0.7112373206489051,1,0,0,1,0,0
262,1,0.6852080657475538,0,-2.5056706799097133,4.2015694088645175,2.1279605583389998,1.0327607735261752,0,1,0,0,0,0
264,0,-2.1059502133710137,0,1.1887844534540968,-0.4859842372342323,-0.4101032341546626,-1.2830399744768002,0,1,0,1,0,0
265,0,0.6852080657475538,1,-0.009417211420652386,-0.4859842372342323,-0.4101032341546626,-0.7112373206489051,1,0,1,0,0,0
266,0,-0.71037107381173,0,0.7893838984958471,-0.4859842372342323,-0.4101032341546626,-0.5083396047744906,0,1,0,1,0,0
267,0,0.6852080657475538,0,-1.2076188762954017,4.2015694088645175,0.8589286620921687,1.6451429705289533,0,1,0,1,0,0
268,1,0.6852080657475538,0,-0.3089676276393397,0.6859041742904549,-0.4101032341546626,-0.7093927959591376,0,1,0,1,0,0
271,0,-2.1059502133710137,0,-0.009417211420652386,-0.4859842372342323,-0.4101032341546626,1.0041706408347806,0,1,0,1,0,0
272,1,0.6852080657475538,0,-0.3089676276393397,-0.4859842372342323,-0.4101032341546626,-1.2830399744768002,0,1,0,1,0,0
273,1,-0.71037107381173,1,1.2886345921936593,-0.4859842372342323,0.8589286620921687,0.15568928354177475,0,1,0,0,1,0
274,0,-2.1059502133710137,0,0.8892340372354095,-0.4859842372342323,0.8589286620921687,0.9082553569668755,0,0,0,1,0,0
275,1,0.6852080657475538,1,-0.009417211420652386,-0.4859842372342323,-0.4101032341546626,-0.7112373206489051,1,0,1,0,0,0
277,0,0.6852080657475538,1,1.688035147151909,-0.4859842372342323,-0.4101032341546626,-0.7112373206489051,0,1,1,0,0,0
278,0,-0.71037107381173,0,-0.009417211420652386,-0.4859842372342323,-0.4101032341546626,-1.2830399744768002,0,1,0,1,0,0
279,0,0.6852080657475538,0,-2.1062701249514637,4.2015694088645175,0.8589286620921687,0.8658312891022253,1,0,0,0,0,0
280,1,0.6852080657475538,1,0.6895337597562847,0.6859041742904549,0.8589286620921687,0.21102502423479688,0,1,0,0,1,0
282,0,0.6852080657475538,0,-0.009417211420652386,-0.4859842372342323,-0.4101032341546626,-0.7035493417419546,0,1,0,1,0,0
283,0,0.6852080657475538,0,-1.2076188762954017,-0.4859842372342323,-0.4101032341546626,-0.5821205923651868,0,1,0,1,0,0
284,1,0.6852080657475538,0,-0.9080684600767143,-0.4859842372342323,-0.4101032341546626,-0.6891030243716961,0,1,0,1,0,0
285,0,-2.1059502133710137,0,-0.009417211420652386,-0.4859842372342323,-0.4101032341546626,0.6352657028812998,0,1,0,1,0,0
286,0,0.6852080657475538,0,0.4898334822771598,-0.4859842372342323,-0.4101032341546626,-0.6439121694723948,0,0,0,1,0,0
287,1,0.6852080657475538,0,0.19028306605847248,-0.4859842372342323,-0.4101032341546626,-0.5821205923651868,0,1,0,1,0,0
288,0,0.6852080657475538,0,-0.608518043858027,-0.4859842372342323,-0.4101032341546626,-0.7004800526581815,0,1,0,1,0,0
289,1,-0.71037107381173,0,1.3884847309332218,-0.4859842372342323,-0.4101032341546626,-0.32388713579775025,0,1,0,1,0,0
290,1,0.6852080657475538,1,-0.608518043858027,-0.4859842372342323,-0.4101032341546626,-0.7112373206489051,1,0,1,0,0,0
293,0,-0.71037107381173,0,0.7893838984958471,-0.4859842372342323,-0.4101032341546626,-0.33310975924658726,0,0,0,1,0,0
294,0,0.6852080657475538,1,-0.40881776637890216,-0.4859842372342323,-0.4101032341546626,-0.6300782342991393,0,1,1,0,0,0
295,0,0.6852080657475538,0,-0.40881776637890216,-0.4859842372342323,-0.4101032341546626,-0.7004800526581815,0,1,0,1,0,0
296,0,-2.1059502133710137,0,-0.009417211420652386,-0.4859842372342323,-0.4101032341546626,0.7622280263273697,0,0,0,1,0,0
297,0,0.6852080657475538,0,-0.45874283574868335,-0.4859842372342323,-0.4101032341546626,-0.7496624589861397,0,0,0,1,0,0
299,1,-2.1059502133710137,0,-0.009417211420652386,-0.4859842372342323,-0.4101032341546626,0.9672801470394324,0,1,0,1,0,0
301,1,0.6852080657475538,1,-0.009417211420652386,-0.4859842372342323,-0.4101032341546626,-0.7112373206489051,1,0,1,0,0,0
302,1,0.6852080657475538,0,-0.009417211420652386,1.8577925858151423,-0.4101032341546626,0.43236798700688533,1,0,0,1,0,0
303,0,0.6852080657475538,0,-0.9080684600767143,-0.4859842372342323,-0.4101032341546626,-1.2830399744768002,0,1,0,1,0,0
304,1,-0.71037107381173,1,-0.009417211420652386,-0.4859842372342323,-0.4101032341546626,-0.37184477773170277,1,0,1,0,0,0
305,0,0.6852080657475538,0,-0.009417211420652386,-0.4859842372342323,-0.4101032341546626,-0.6891030243716961,0,1,0,1,0,0
309,0,-0.71037107381173,0,0.19028306605847248,0.6859041742904549,-0.4101032341546626,0.48770372769990744,0,0,0,1,0,0
310,1,-2.1059502133710137,1,0.19028306605847248,-0.4859842372342323,-0.4101032341546626,2.9172526242714594,0,0,1,0,0,0
313,0,-0.71037107381173,1,-0.20911748889977727,0.6859041742904549,0.8589286620921687,0.6352657028812998,0,1,0,0,1,0
314,0,0.6852080657475538,0,-0.009417211420652386,-0.4859842372342323,-0.4101032341546626,-0.7004800526581815,0,1,0,1,0,0
315,0,-0.71037107381173,0,1.4883348696727843,0.6859041742904549,0.8589286620921687,0.6537109497789738,0,1,0,1,0,0
316,1,0.6852080657475538,1,-0.20911748889977727,-0.4859842372342323,-0.4101032341546626,-0.7035493417419546,0,1,1,0,0,0
317,1,-0.71037107381173,1,-0.40881776637890216,0.6859041742904549,-0.4101032341546626,0.6352657028812998,0,1,0,0,1,0
318,0,-0.71037107381173,0,2.586686395807971,-0.4859842372342323,-0.4101032341546626,-0.25010614820705407,0,1,0,0,0,1
321,0,0.6852080657475538,0,-0.608518043858027,-0.4859842372342323,-0.4101032341546626,-0.7481278144442531,0,1,0,1,0,0
322,0,0.6852080657475538,0,-0.10926735016021483,-0.4859842372342323,-0.4101032341546626,-0.7004800526581815,0,1,0,1,0,0
323,1,-0.71037107381173,1,0.19028306605847248,-0.4859842372342323,-0.4101032341546626,-0.37184477773170277,1,0,1,0,0,0
324,1,-0.71037107381173,1,-0.608518043858027,0.6859041742904549,0.8589286620921687,0.8566086656533882,0,1,0,0,1,0
328,1,-0.71037107381173,1,0.7893838984958471,-0.4859842372342323,-0.4101032341546626,-0.32388713579775025,0,1,0,0,1,0
329,1,0.6852080657475538,1,0.29013320479803495,0.6859041742904549,0.8589286620921687,0.2313147958222382,0,1,0,0,1,0
330,1,-2.1059502133710137,1,-1.2076188762954017,-0.4859842372342323,0.8589286620921687,2.99472266124169,0,0,1,0,0,0
331,1,0.6852080657475538,1,-0.009417211420652386,1.8577925858151423,-0.4101032341546626,0.43236798700688533,1,0,1,0,0,0
332,0,-2.1059502133710137,0,1.7379602165216903,-0.4859842372342323,-0.4101032341546626,0.8197181718580402,0,1,0,1,0,0
334,0,0.6852080657475538,0,-1.2076188762954017,1.8577925858151423,-0.4101032341546626,0.04501780215573053,0,1,0,1,0,0
336,0,0.6852080657475538,0,-0.009417211420652386,-0.4859842372342323,-0.4101032341546626,-0.7004800526581815,0,1,0,1,0,0
339,1,0.6852080657475538,0,1.688035147151909,-0.4859842372342323,-0.4101032341546626,-0.6891030243716961,0,1,0,1,0,0
340,0,-2.1059502133710137,0,1.688035147151909,-0.4859842372342323,-0.4101032341546626,1.3361850849929133,0,1,0,1,0,0
343,0,-0.71037107381173,0,-0.009417211420652386,-0.4859842372342323,-0.4101032341546626,-0.32388713579775025,0,1,0,1,0,0
344,0,-0.71037107381173,0,-0.3089676276393397,-0.4859842372342323,-0.4101032341546626,-0.32388713579775025,0,1,0,1,0,0
345,0,-0.71037107381173,0,0.7893838984958471,-0.4859842372342323,-0.4101032341546626,-0.32388713579775025,0,1,0,1,0,0
346,1,-0.71037107381173,1,-0.40881776637890216,-0.4859842372342323,-0.4101032341546626,-0.32388713579775025,0,1,1,0,0,0
347,1,-0.71037107381173,1,1.1887844534540968,-0.4859842372342323,-0.4101032341546626,-0.32388713579775025,0,1,1,0,0,0
348,1,0.6852080657475538,1,-0.009417211420652386,0.6859041742904549,-0.4101032341546626,-0.09516607426659206,0,1,0,0,1,0
349,1,0.6852080657475538,0,-2.5056706799097133,0.6859041742904549,0.8589286620921687,-0.10992227178473138,0,1,0,0,0,0
350,0,0.6852080657475538,0,1.3884847309332218,-0.4859842372342323,-0.4101032341546626,-0.6439121694723948,0,1,0,1,0,0
351,0,0.6852080657475538,0,-0.5086679051184646,-0.4859842372342323,-0.4101032341546626,-0.6024103639526283,0,1,0,1,0,0
352,0,-2.1059502133710137,0,-0.009417211420652386,-0.4859842372342323,-0.4101032341546626,1.299294591197565,0,1,0,1,0,0
353,0,0.6852080657475538,0,-1.3074690150349642,0.6859041742904549,0.8589286620921687,-0.7496624589861397,0,0,0,1,0,0
354,0,0.6852080657475538,0,-0.3089676276393397,0.6859041742904549,-0.4101032341546626,0.03026160463759135,0,1,0,1,0,0
355,0,0.6852080657475538,0,-0.009417211420652386,-0.4859842372342323,-0.4101032341546626,-0.7499723391340206,0,0,0,1,0,0
356,0,0.6852080657475538,0,-0.009417211420652386,-0.4859842372342323,-0.4101032341546626,-0.5821205923651868,0,1,0,1,0,0
357,1,-2.1059502133710137,1,-0.608518043858027,-0.4859842372342323,0.8589286620921687,2.7749143430114884,0,1,1,0,0,0
358,0,-0.71037107381173,1,0.989084175974972,-0.4859842372342323,-0.4101032341546626,-0.32388713579775025,0,1,1,0,0,0
359,1,0.6852080657475538,1,-0.009417211420652386,-0.4859842372342323,-0.4101032341546626,-0.701704817052187,1,0,1,0,0,0
360,1,0.6852080657475538,1,-0.009417211420652386,-0.4859842372342323,-0.4101032341546626,-0.701704817052187,1,0,1,0,0,0
361,0,0.6852080657475538,0,1.1887844534540968,0.6859041742904549,4.666024350832663,0.7754495793036223,0,1,0,1,0,0
362,0,-0.71037107381173,0,0.09043292731891005,0.6859041742904549,-0.4101032341546626,0.7622280263273697,0,0,0,1,0,0
363,0,0.6852080657475538,1,1.688035147151909,-0.4859842372342323,0.8589286620921687,-0.21659482364335989,0,0,0,0,1,0
364,0,0.6852080657475538,0,0.6895337597562847,-0.4859842372342323,-0.4101032341546626,-0.7628840119623923,0,1,0,1,0,0
365,0,0.6852080657475538,0,-0.009417211420652386,0.6859041742904549,-0.4101032341546626,-0.13943466682100986,1,0,0,1,0,0
366,0,0.6852080657475538,0,0.19028306605847248,-0.4859842372342323,-0.4101032341546626,-0.7481278144442531,0,1,0,1,0,0
368,1,0.6852080657475538,1,-0.009417211420652386,-0.4859842372342323,-0.4101032341546626,-0.7496624589861397,0,0,0,0,1,0
369,1,0.6852080657475538,1,-0.009417211420652386,-0.4859842372342323,-0.4101032341546626,-0.7112373206489051,1,0,1,0,0,0
371,1,-2.1059502133710137,0,-0.3089676276393397,0.6859041742904549,-0.4101032341546626,2.8075034052302987,0,0,0,1,0,0
372,0,0.6852080657475538,0,-1.0079185988162767,0.6859041742904549,-0.4101032341546626,-0.8037734352851562,0,1,0,1,0,0
373,0,0.6852080657475538,0,-0.9080684600767143,-0.4859842372342323,-0.4101032341546626,-0.6891030243716961,0,1,0,1,0,0
375,0,0.6852080657475538,1,-2.5056706799097133,3.0296809973398298,0.8589286620921687,0.2718943389971212,0,1,1,0,0,0
377,1,0.6852080657475538,1,-0.608518043858027,-0.4859842372342323,-0.4101032341546626,-0.7481278144442531,0,1,1,0,0,0
379,0,0.6852080657475538,0,-0.8082183213371519,-0.4859842372342323,-0.4101032341546626,-0.986993761769132,0,0,0,1,0,0
380,0,0.6852080657475538,0,-0.9080684600767143,-0.4859842372342323,-0.4101032341546626,-0.7093927959591376,0,1,0,1,0,0
383,0,0.6852080657475538,0,0.38998334353759734,-0.4859842372342323,-0.4101032341546626,-0.6983256478205332,0,1,0,1,0,0
384,1,-2.1059502133710137,1,0.6895337597562847,0.6859041742904549,-0.4101032341546626,2.5535713802394,0,1,0,0,1,0
385,0,0.6852080657475538,0,-0.009417211420652386,-0.4859842372342323,-0.4101032341546626,-0.7004800526581815,0,1,0,1,0,0
388,1,-0.71037107381173,1,0.7893838984958471,-0.4859842372342323,-0.4101032341546626,-0.32388713579775025,0,1,1,0,0,0
389,0,0.6852080657475538,0,-0.009417211420652386,-0.4859842372342323,-0.4101032341546626,-0.7127719651907917,1,0,0,1,0,0
390,1,-0.71037107381173,1,-1.1077687375558392,-0.4859842372342323,-0.4101032341546626,-0.3976681233884464,0,0,1,0,0,0
392,1,0.6852080657475538,0,-0.7083681825975895,-0.4859842372342323,-0.4101032341546626,-0.7078581514172512,0,1,0,1,0,0
393,0,0.6852080657475538,0,-0.009417211420652386,1.8577925858151423,-0.4101032341546626,-0.6983256478205332,0,1,0,1,0,0
395,1,0.6852080657475538,1,-0.40881776637890216,-0.4859842372342323,2.1279605583389998,-0.05089748171217453,0,1,0,0,1,0
396,0,0.6852080657475538,0,-0.608518043858027,-0.4859842372342323,-0.4101032341546626,-0.7078581514172512,0,1,0,1,0,0
397,0,0.6852080657475538,1,0.29013320479803495,-0.4859842372342323,-0.4101032341546626,-0.7035493417419546,0,1,1,0,0,0
398,0,-0.71037107381173,0,1.7878852858914716,-0.4859842372342323,-0.4101032341546626,0.6352657028812998,0,1,0,1,0,0
399,0,-0.71037107381173,0,-0.5086679051184646,-0.4859842372342323,-0.4101032341546626,-0.5083396047744906,0,1,0,0,0,1
400,1,-0.71037107381173,1,-0.009417211420652386,-0.4859842372342323,-0.4101032341546626,-0.3497104814544939,0,1,0,0,1,0
401,1,0.6852080657475538,0,1.0889343147145345,-0.4859842372342323,-0.4101032341546626,-0.6983256478205332,0,1,0,1,0,0
402,0,0.6852080657475538,0,-0.20911748889977727,-0.4859842372342323,-0.4101032341546626,-0.6891030243716961,0,1,0,1,0,0
403,0,0.6852080657475538,1,-0.7083681825975895,0.6859041742904549,-0.4101032341546626,-0.5581417713982106,0,1,1,0,0,0
404,0,0.6852080657475538,0,-0.009417211420652386,0.6859041742904549,-0.4101032341546626,-0.11361132116426623,0,1,0,1,0,0
405,0,0.6852080657475538,1,-0.8082183213371519,-0.4859842372342323,-0.4101032341546626,-0.6439121694723948,0,1,1,0,0,0
406,0,-0.71037107381173,0,0.5896836210167222,0.6859041742904549,-0.4101032341546626,0.266360764927819,0,1,0,1,0,0
407,0,0.6852080657475538,0,2.2871359795892836,-0.4859842372342323,-0.4101032341546626,-0.7112373206489051,0,1,0,1,0,0
408,1,-0.71037107381173,0,-2.5056706799097133,0.6859041742904549,0.8589286620921687,0.10035354284875264,0,1,0,0,0,0
409,0,0.6852080657475538,0,-0.7083681825975895,-0.4859842372342323,-0.4101032341546626,-0.7093927959591376,0,1,0,1,0,0
410,0,0.6852080657475538,1,-0.009417211420652386,3.0296809973398298,0.8589286620921687,0.5959183021991815,0,1,1,0,0,0
411,0,0.6852080657475538,0,-0.009417211420652386,-0.4859842372342323,-0.4101032341546626,-0.7004800526581815,0,1,0,1,0,0
412,0,0.6852080657475538,0,-0.009417211420652386,-0.4859842372342323,-0.4101032341546626,-0.7770278272835288,1,0,0,1,0,0
414,0,-0.71037107381173,0,-0.009417211420652386,-0.4859842372342323,-0.4101032341546626,-1.2830399744768002,0,1,0,1,0,0
415,1,0.6852080657475538,0,1.5881850084123466,-0.4859842372342323,-0.4101032341546626,-0.6983256478205332,0,1,0,1,0,0
416,0,0.6852080657475538,1,-0.009417211420652386,-0.4859842372342323,-0.4101032341546626,-0.6891030243716961,0,1,0,0,1,0
417,1,-0.71037107381173,1,0.5896836210167222,0.6859041742904549,0.8589286620921687,1.1148421222208247,0,1,0,0,1,0
418,1,-0.71037107381173,1,-1.0079185988162767,-0.4859842372342323,2.1279605583389998,-0.32388713579775025,0,1,1,0,0,0
419,0,-0.71037107381173,0,0.19028306605847248,-0.4859842372342323,-0.4101032341546626,-0.32388713579775025,0,1,0,1,0,0
420,0,0.6852080657475538,1,-1.8067197087327762,-0.4859842372342323,2.1279605583389998,0.49877087583851176,0,1,1,0,0,0
421,0,0.6852080657475538,0,-0.009417211420652386,-0.4859842372342323,-0.4101032341546626,-0.7004800526581815,0,0,0,1,0,0
422,0,0.6852080657475538,0,-0.7083681825975895,-0.4859842372342323,-0.4101032341546626,-0.7124694631416697,1,0,0,1,0,0
423,0,0.6852080657475538,0,0.09043292731891005,-0.4859842372342323,-0.4101032341546626,-0.702014697200068,0,1,0,1,0,0
424,0,0.6852080657475538,1,-0.009417211420652386,0.6859041742904549,0.8589286620921687,-0.22059375317077562,0,1,0,0,1,0
425,0,0.6852080657475538,0,-1.0079185988162767,0.6859041742904549,0.8589286620921687,0.20825823720014566,0,1,0,1,0,0
426,0,0.6852080657475538,0,-0.009417211420652386,-0.4859842372342323,-0.4101032341546626,-0.7481278144442531,0,1,0,1,0,0
427,1,-0.71037107381173,1,-0.009417211420652386,0.6859041742904549,-0.4101032341546626,0.6352657028812998,0,1,0,0,1,0
428,1,-0.71037107381173,1,-0.9080684600767143,-0.4859842372342323,-0.4101032341546626,0.6352657028812998,0,1,1,0,0,0
429,0,0.6852080657475538,0,-0.009417211420652386,-0.4859842372342323,-0.4101032341546626,-0.7112373206489051,1,0,0,1,0,0
430,1,0.6852080657475538,0,0.38998334353759734,-0.4859842372342323,-0.4101032341546626,-0.6891030243716961,0,1,0,1,0,0
431,1,-2.1059502133710137,0,-0.009417211420652386,-0.4859842372342323,-0.4101032341546626,0.6758452460561827,0,1,0,1,0,0
432,1,0.6852080657475538,1,-0.009417211420652386,0.6859041742904549,-0.4101032341546626,-0.09516607426659206,0,1,0,0,1,0
433,1,-0.71037107381173,1,1.3884847309332218,0.6859041742904549,-0.4101032341546626,0.6352657028812998,0,1,0,0,1,0
434,0,0.6852080657475538,0,-1.1077687375558392,-0.4859842372342323,-0.4101032341546626,-0.7573504378930902,0,1,0,1,0,0
435,0,-2.1059502133710137,0,2.187285840849721,0.6859041742904549,-0.4101032341546626,2.8413172318431146,0,1,0,1,0,0
437,0,0.6852080657475538,1,-0.7083681825975895,1.8577925858151423,2.1279605583389998,1.25318147395338,0,1,1,0,0,0
438,1,-0.71037107381173,1,-0.40881776637890216,1.8577925858151423,3.3969924545858317,0.10035354284875264,0,1,0,0,1,0
440,0,-0.71037107381173,0,0.29013320479803495,-0.4859842372342323,-0.4101032341546626,-0.5083396047744906,0,1,0,1,0,0
441,1,-0.71037107381173,1,1.688035147151909,0.6859041742904549,0.8589286620921687,0.6537109497789738,0,1,0,0,1,0
442,0,0.6852080657475538,0,-0.8082183213371519,-0.4859842372342323,-0.4101032341546626,-0.5821205923651868,0,1,0,1,0,0
443,0,0.6852080657475538,0,-0.3089676276393397,0.6859041742904549,-0.4101032341546626,-0.7093927959591376,0,1,0,1,0,0
444,1,-0.71037107381173,1,-0.009417211420652386,-0.4859842372342323,-0.4101032341546626,-0.32388713579775025,0,1,1,0,0,0
445,1,0.6852080657475538,0,-0.009417211420652386,-0.4859842372342323,-0.4101032341546626,-0.6844917126472777,0,1,0,1,0,0
447,1,-0.71037107381173,1,-1.507169292514089,-0.4859842372342323,0.8589286620921687,0.15568928354177475,0,1,1,0,0,0
448,1,-2.1059502133710137,0,0.5896836210167222,-0.4859842372342323,-0.4101032341546626,0.6758452460561827,0,1,0,1,0,0
449,1,0.6852080657475538,1,-2.3059704024305883,1.8577925858151423,0.8589286620921687,0.1378564188411034,0,0,1,0,0,0
450,1,-2.1059502133710137,0,2.386986118328846,-0.4859842372342323,-0.4101032341546626,0.9672801470394324,0,1,0,0,0,1
451,0,-0.71037107381173,0,0.7893838984958471,0.6859041742904549,2.1279605583389998,0.764382431165018,0,1,0,1,0,0
452,0,0.6852080657475538,0,-0.009417211420652386,0.6859041742904549,-0.4101032341546626,0.19012287045035262,0,1,0,1,0,0
453,0,-2.1059502133710137,0,0.19028306605847248,-0.4859842372342323,-0.4101032341546626,0.764382431165018,0,0,0,1,0,0
455,0,0.6852080657475538,0,-0.009417211420652386,-0.4859842372342323,-0.4101032341546626,-0.6891030243716961,0,1,0,1,0,0
456,1,0.6852080657475538,0,0.09043292731891005,-0.4859842372342323,-0.4101032341546626,-0.7004800526581815,0,0,0,1,0,0
458,1,-2.1059502133710137,1,-0.009417211420652386,0.6859041742904549,-0.4101032341546626,2.543426494445679,0,1,0,0,1,0
459,1,-0.71037107381173,1,2.187285840849721,-0.4859842372342323,-0.4101032341546626,-0.5083396047744906,0,1,1,0,0,0
460,0,0.6852080657475538,0,-0.009417211420652386,-0.4859842372342323,-0.4101032341546626,-0.7112373206489051,1,0,0,1,0,0
461,1,-2.1059502133710137,0,1.9875855633705963,-0.4859842372342323,-0.4101032341546626,0.6758452460561827,0,1,0,1,0,0
462,0,0.6852080657475538,0,0.5896836210167222,-0.4859842372342323,-0.4101032341546626,-0.6891030243716961,0,1,0,1,0,0
463,0,-2.1059502133710137,0,1.8877354246310338,-0.4859842372342323,-0.4101032341546626,1.5575280477650018,0,1,0,1,0,0
464,0,-0.71037107381173,0,1.9875855633705963,-0.4859842372342323,-0.4101032341546626,-0.32388713579775025,0,1,0,1,0,0
465,0,0.6852080657475538,0,-0.009417211420652386,-0.4859842372342323,-0.4101032341546626,-0.6891030243716961,0,1,0,1,0,0
466,0,0.6852080657475538,0,0.989084175974972,-0.4859842372342323,-0.4101032341546626,-0.7628840119623923,0,1,0,1,0,0
467,0,-0.71037107381173,0,-0.009417211420652386,-0.4859842372342323,-0.4101032341546626,-1.2830399744768002,0,1,0,1,0,0
469,0,0.6852080657475538,0,-0.009417211420652386,-0.4859842372342323,-0.4101032341546626,-0.7130818453386725,1,0,0,1,0,0
471,0,0.6852080657475538,0,-0.009417211420652386,-0.4859842372342323,-0.4101032341546626,-0.7481278144442531,0,1,0,1,0,0
472,0,0.6852080657475538,0,0.989084175974972,-0.4859842372342323,-0.4101032341546626,-0.6439121694723948,0,1,0,1,0,0
473,1,-0.71037107381173,1,0.4898334822771598,0.6859041742904549,2.1279605583389998,0.764382431165018,0,1,0,0,1,0
474,1,-0.71037107381173,1,-0.5086679051184646,-0.4859842372342323,-0.4101032341546626,-0.26547472792219606,0,0,0,0,1,0
475,0,0.6852080657475538,1,-0.608518043858027,-0.4859842372342323,-0.4101032341546626,-0.5572195090533268,0,1,1,0,0,0
476,0,-2.1059502133710137,0,-0.009417211420652386,-0.4859842372342323,-0.4101032341546626,2.5535713802394,0,1,0,1,0,0
477,0,-0.71037107381173,0,0.5896836210167222,0.6859041742904549,-0.4101032341546626,0.266360764927819,0,1,0,1,0,0
478,0,0.6852080657475538,0,0.09043292731891005,0.6859041742904549,-0.4101032341546626,-0.7631938921102733,0,1,0,1,0,0
479,0,0.6852080657475538,0,-0.608518043858027,-0.4859842372342323,-0.4101032341546626,-0.7281479230046926,0,1,0,1,0,0
481,0,0.6852080657475538,0,-1.9065698474723387,5.373457820389204,2.1279605583389998,2.1772883435268495,0,1,0,0,0,0
482,0,-0.71037107381173,0,-0.009417211420652386,-0.4859842372342323,-0.4101032341546626,-1.2830399744768002,0,1,0,1,0,0
483,0,0.6852080657475538,0,2.187285840849721,-0.4859842372342323,-0.4101032341546626,-0.6891030243716961,0,1,0,1,0,0
486,0,0.6852080657475538,1,-0.009417211420652386,3.0296809973398298,0.8589286620921687,0.5959183021991815,0,1,1,0,0,0
489,0,0.6852080657475538,0,0.19028306605847248,-0.4859842372342323,-0.4101032341546626,-0.6891030243716961,0,1,0,1,0,0
490,1,0.6852080657475538,0,-1.9065698474723387,0.6859041742904549,0.8589286620921687,-0.10992227178473138,0,1,0,0,0,0
491,0,0.6852080657475538,0,-0.009417211420652386,0.6859041742904549,-0.4101032341546626,0.19012287045035262,0,1,0,1,0,0
492,0,0.6852080657475538,0,-0.7083681825975895,-0.4859842372342323,-0.4101032341546626,-0.7481278144442531,0,1,0,1,0,0
495,0,0.6852080657475538,0,-0.7083681825975895,-0.4859842372342323,-0.4101032341546626,-0.6891030243716961,0,1,0,1,0,0
496,0,0.6852080657475538,0,-0.009417211420652386,-0.4859842372342323,-0.4101032341546626,-0.21629232159423809,0,0,0,1,0,0
498,0,0.6852080657475538,0,-0.009417211420652386,-0.4859842372342323,-0.4101032341546626,-0.16894706185728836,0,1,0,1,0,0
500,0,0.6852080657475538,0,-0.40881776637890216,-0.4859842372342323,-0.4101032341546626,-0.7078581514172512,0,1,0,1,0,0
501,0,0.6852080657475538,0,-1.1077687375558392,-0.4859842372342323,-0.4101032341546626,-0.6439121694723948,0,1,0,1,0,0
502,0,0.6852080657475538,1,-0.7083681825975895,-0.4859842372342323,-0.4101032341546626,-0.7112373206489051,1,0,1,0,0,0
503,0,0.6852080657475538,1,-0.009417211420652386,-0.4859842372342323,-0.4101032341546626,-0.7201500639498611,1,0,1,0,0,0
504,0,0.6852080657475538,1,0.8892340372354095,-0.4859842372342323,-0.4101032341546626,-0.5756647559510009,0,1,1,0,0,0
507,1,-0.71037107381173,1,0.4898334822771598,-0.4859842372342323,2.1279605583389998,0.6352657028812998,0,1,0,0,1,0
508,1,-2.1059502133710137,0,-0.009417211420652386,-0.4859842372342323,-0.4101032341546626,0.6758452460561827,0,1,0,1,0,0
509,0,0.6852080657475538,0,-0.009417211420652386,-0.4859842372342323,-0.4101032341546626,0.37887677100363054,0,1,0,1,0,0
510,1,0.6852080657475538,0,-0.20911748889977727,-0.4859842372342323,-0.4101032341546626,2.885275944249652,0,1,0,1,0,0
511,1,0.6852080657475538,0,0.09043292731891005,-0.4859842372342323,-0.4101032341546626,-0.7112373206489051,1,0,0,1,0,0
512,0,0.6852080657475538,0,-0.009417211420652386,-0.4859842372342323,-0.4101032341546626,-0.6891030243716961,0,1,0,1,0,0
513,1,-2.1059502133710137,0,0.7893838984958471,-0.4859842372342323,-0.4101032341546626,0.656477736813625,0,1,0,1,0,0
514,1,-2.1059502133710137,1,2.586686395807971,0.6859041742904549,-0.4101032341546626,3.099550688410551,0,0,0,0,1,0
515,0,0.6852080657475538,0,-0.40881776637890216,-0.4859842372342323,-0.4101032341546626,-0.7299924476944601,0,1,0,1,0,0
516,0,-2.1059502133710137,0,1.8877354246310338,-0.4859842372342323,-0.4101032341546626,1.2270482481487557,0,1,0,1,0,0
517,1,-0.71037107381173,1,0.5896836210167222,-0.4859842372342323,-0.4101032341546626,-0.5083396047744906,0,1,0,0,1,0
518,0,0.6852080657475538,0,-0.009417211420652386,-0.4859842372342323,-0.4101032341546626,0.49877087583851176,1,0,0,1,0,0
519,1,-0.71037107381173,1,0.7893838984958471,0.6859041742904549,-0.4101032341546626,0.6352657028812998,0,1,0,0,1,0
520,0,0.6852080657475538,0,0.38998334353759734,-0.4859842372342323,-0.4101032341546626,-0.7004800526581815,0,1,0,1,0,0
522,0,0.6852080657475538,0,-0.608518043858027,-0.4859842372342323,-0.4101032341546626,-0.7004800526581815,0,1,0,1,0,0
523,0,0.6852080657475538,0,-0.009417211420652386,-0.4859842372342323,-0.4101032341546626,-0.7499723391340206,0,0,0,1,0,0
524,1,-2.1059502133710137,1,1.5881850084123466,-0.4859842372342323,0.8589286620921687,2.99472266124169,0,0,0,0,1,0
525,0,0.6852080657475538,0,-0.009417211420652386,-0.4859842372342323,-0.4101032341546626,-0.7496624589861397,0,0,0,1,0,0
526,0,0.6852080657475538,0,1.238709522823878,-0.4859842372342323,-0.4101032341546626,-0.7112373206489051,1,0,0,1,0,0
527,1,-0.71037107381173,1,2.187285840849721,-0.4859842372342323,-0.4101032341546626,-0.5083396047744906,0,1,1,0,0,0
529,0,0.6852080657475538,0,1.0889343147145345,-0.4859842372342323,-0.4101032341546626,-0.6983256478205332,0,1,0,1,0,0
530,0,-0.71037107381173,0,-0.5086679051184646,1.8577925858151423,0.8589286620921687,-0.43455861718379446,0,1,0,1,0,0
532,0,0.6852080657475538,0,-0.009417211420652386,-0.4859842372342323,-0.4101032341546626,-0.7496624589861397,0,0,0,1,0,0
533,0,0.6852080657475538,0,-1.1077687375558392,0.6859041742904549,0.8589286620921687,-0.7496624589861397,0,0,0,1,0,0
534,1,0.6852080657475538,1,-0.009417211420652386,-0.4859842372342323,2.1279605583389998,0.36657748037226157,0,0,0,0,1,0
535,0,0.6852080657475538,1,0.19028306605847248,-0.4859842372342323,-0.4101032341546626,-0.6439121694723948,0,1,1,0,0,0
536,1,-0.71037107381173,1,-2.1062701249514637,-0.4859842372342323,2.1279605583389998,0.6537109497789738,0,1,1,0,0,0
537,0,-2.1059502133710137,0,1.688035147151909,-0.4859842372342323,-0.4101032341546626,0.6758452460561827,0,1,0,0,0,1
539,0,0.6852080657475538,0,-0.009417211420652386,-0.4859842372342323,-0.4101032341546626,-0.213215654411706,0,1,0,1,0,0
540,1,-2.1059502133710137,1,-0.608518043858027,-0.4859842372342323,2.1279605583389998,2.3691189112626594,0,0,1,0,0,0
542,0,0.6852080657475538,1,-1.9065698474723387,4.2015694088645175,2.1279605583389998,1.0244604124222219,0,1,1,0,0,0
543,0,0.6852080657475538,1,-1.7068695699932137,4.2015694088645175,2.1279605583389998,1.0244604124222219,0,1,1,0,0,0
544,1,-0.71037107381173,0,0.38998334353759734,0.6859041742904549,-0.4101032341546626,0.6352657028812998,0,1,0,1,0,0
547,1,-0.71037107381173,1,-0.9080684600767143,0.6859041742904549,-0.4101032341546626,0.6352657028812998,0,1,0,0,1,0
548,1,-0.71037107381173,0,-0.009417211420652386,-0.4859842372342323,-0.4101032341546626,-0.26025103400077476,0,0,0,1,0,0
549,0,0.6852080657475538,0,0.4898334822771598,0.6859041742904549,0.8589286620921687,0.2313147958222382,0,1,0,1,0,0
550,1,-0.71037107381173,0,-2.006419986211901,0.6859041742904549,0.8589286620921687,1.4284113194812835,0,1,0,0,0,0
552,0,-0.71037107381173,0,-0.10926735016021483,-0.4859842372342323,-0.4101032341546626,0.6352657028812998,0,1,0,1,0,0
553,0,0.6852080657475538,0,-0.009417211420652386,-0.4859842372342323,-0.4101032341546626,-0.7053938664317219,1,0,0,1,0,0
554,1,0.6852080657475538,0,-0.608518043858027,-0.4859842372342323,-0.4101032341546626,-0.7499723391340206,0,0,0,1,0,0
555,1,0.6852080657475538,1,-0.608518043858027,-0.4859842372342323,-0.4101032341546626,-0.7093927959591376,0,1,1,0,0,0
557,1,-2.1059502133710137,1,1.9875855633705963,0.6859041742904549,-0.4101032341546626,1.6386871341147675,0,0,0,0,0,1
560,1,0.6852080657475538,1,0.7893838984958471,0.6859041742904549,-0.4101032341546626,0.0007492096013127282,0,1,0,0,1,0
561,0,0.6852080657475538,0,-0.009417211420652386,-0.4859842372342323,-0.4101032341546626,-0.7112373206489051,1,0,0,1,0,0
562,0,0.6852080657475538,0,1.1887844534540968,-0.4859842372342323,-0.4101032341546626,-0.7004800526581815,0,1,0,1,0,0
563,0,-0.71037107381173,0,-0.009417211420652386,-0.4859842372342323,-0.4101032341546626,-0.28699664200240216,0,1,0,1,0,0
564,0,0.6852080657475538,0,-0.009417211420652386,-0.4859842372342323,-0.4101032341546626,-0.6891030243716961,0,1,0,1,0,0
565,0,0.6852080657475538,1,-0.009417211420652386,-0.4859842372342323,-0.4101032341546626,-0.6891030243716961,0,1,1,0,0,0
566,0,0.6852080657475538,0,-0.40881776637890216,1.8577925858151423,-0.4101032341546626,0.49877087583851176,0,1,0,1,0,0
567,0,0.6852080657475538,0,-0.9080684600767143,-0.4859842372342323,-0.4101032341546626,-0.7004800526581815,0,1,0,1,0,0
568,0,0.6852080657475538,1,0.09043292731891005,-0.4859842372342323,4.666024350832663,0.2718943389971212,0,1,0,0,1,0
569,0,0.6852080657475538,0,-0.009417211420652386,-0.4859842372342323,-0.4101032341546626,-0.7496624589861397,0,0,0,1,0,0
570,1,0.6852080657475538,0,0.38998334353759734,-0.4859842372342323,-0.4101032341546626,-0.7035493417419546,0,1,0,1,0,0
572,1,-2.1059502133710137,1,2.4868362570684086,1.8577925858151423,-0.4101032341546626,2.515146241902165,0,1,0,0,1,0
573,1,-2.1059502133710137,0,0.7893838984958471,-0.4859842372342323,-0.4101032341546626,0.6638558355726945,0,1,0,1,0,0
574,1,0.6852080657475538,1,-0.009417211420652386,-0.4859842372342323,-0.4101032341546626,-0.7112373206489051,1,0,1,0,0,0
575,0,0.6852080657475538,0,-1.2076188762954017,-0.4859842372342323,-0.4101032341546626,-0.6891030243716961,0,1,0,1,0,0
576,0,0.6852080657475538,0,-0.9080684600767143,-0.4859842372342323,-0.4101032341546626,-0.213215654411706,0,1,0,1,0,0
577,1,-0.71037107381173,1,0.5896836210167222,-0.4859842372342323,-0.4101032341546626,-0.32388713579775025,0,1,1,0,0,0
578,1,-2.1059502133710137,1,1.0889343147145345,0.6859041742904549,-0.4101032341546626,2.8413172318431146,0,1,0,0,1,0
579,0,0.6852080657475538,1,-0.009417211420652386,0.6859041742904549,-0.4101032341546626,-0.21629232159423809,0,0,0,0,1,0
580,1,0.6852080657475538,0,0.38998334353759734,-0.4859842372342323,-0.4101032341546626,-0.6983256478205332,0,1,0,1,0,0
581,1,-0.71037107381173,1,-0.3089676276393397,0.6859041742904549,0.8589286620921687,0.9303896532440844,0,1,1,0,0,0
583,0,-0.71037107381173,0,2.586686395807971,-0.4859842372342323,-0.4101032341546626,0.6352657028812998,0,1,0,1,0,0
584,0,-2.1059502133710137,0,0.7893838984958471,-0.4859842372342323,-0.4101032341546626,1.677422152599883,0,0,0,1,0,0
585,0,0.6852080657475538,0,-0.009417211420652386,-0.4859842372342323,-0.4101032341546626,-0.64022312009286,0,0,0,1,0,0
587,0,-0.71037107381173,0,1.8877354246310338,-0.4859842372342323,-0.4101032341546626,-0.17632516061635795,0,1,0,1,0,0
589,0,0.6852080657475538,0,-0.608518043858027,-0.4859842372342323,-0.4101032341546626,-0.6891030243716961,0,1,0,1,0,0
590,0,0.6852080657475538,0,-0.009417211420652386,-0.4859842372342323,-0.4101032341546626,-0.6891030243716961,0,1,0,1,0,0
591,0,0.6852080657475538,0,0.6895337597562847,-0.4859842372342323,-0.4101032341546626,-0.7573504378930902,0,1,0,1,0,0
593,0,0.6852080657475538,0,1.8877354246310338,-0.4859842372342323,-0.4101032341546626,-0.7481278144442531,0,1,0,1,0,0
594,0,0.6852080657475538,1,-0.009417211420652386,-0.4859842372342323,2.1279605583389998,-0.7112373206489051,1,0,1,0,0,0
595,0,-0.71037107381173,0,0.8892340372354095,0.6859041742904549,-0.4101032341546626,0.6352657028812998,0,1,0,1,0,0
596,0,0.6852080657475538,0,0.7893838984958471,0.6859041742904549,0.8589286620921687,0.49877087583851176,0,1,0,1,0,0
597,1,-0.71037107381173,1,-0.009417211420652386,-0.4859842372342323,-0.4101032341546626,1.151732616016173,0,1,1,0,0,0
598,0,0.6852080657475538,0,2.0874357021101586,-0.4859842372342323,-0.4101032341546626,-1.2830399744768002,0,1,0,1,0,0
599,0,0.6852080657475538,0,-0.009417211420652386,-0.4859842372342323,-0.4101032341546626,-0.7499723391340206,0,0,0,1,0,0
600,1,-2.1059502133710137,0,2.0874357021101586,0.6859041742904549,-0.4101032341546626,2.9172526242714594,0,0,0,0,0,1
601,1,-0.71037107381173,1,-0.40881776637890216,1.8577925858151423,0.8589286620921687,0.709046690471996,0,1,0,0,1,0
602,0,0.6852080657475538,0,-0.009417211420652386,-0.4859842372342323,-0.4101032341546626,-0.7004800526581815,0,1,0,1,0,0
603,0,-2.1059502133710137,0,-0.009417211420652386,-0.4859842372342323,-0.4101032341546626,1.8452738993687166,0,1,0,1,0,0
604,0,0.6852080657475538,0,1.5881850084123466,-0.4859842372342323,-0.4101032341546626,-0.6891030243716961,0,1,0,1,0,0
605,1,-2.1059502133710137,0,0.6895337597562847,-0.4859842372342323,-0.4101032341546626,0.6758452460561827,0,0,0,1,0,0
606,0,0.6852080657475538,0,0.7893838984958471,0.6859041742904549,-0.4101032341546626,-0.135745617441475,0,1,0,1,0,0
607,0,0.6852080657475538,0,0.19028306605847248,-0.4859842372342323,-0.4101032341546626,-0.7004800526581815,0,1,0,1,0,0
608,1,-2.1059502133710137,0,-0.10926735016021483,-0.4859842372342323,-0.4101032341546626,0.9672801470394324,0,1,0,1,0,0
609,1,-0.71037107381173,1,-0.608518043858027,0.6859041742904549,2.1279605583389998,1.7847144647542734,0,0,0,0,1,0
611,0,0.6852080657475538,1,1.0889343147145345,0.6859041742904549,5.935056247079493,1.0244604124222219,0,1,0,0,1,0
612,0,0.6852080657475538,0,-0.009417211420652386,-0.4859842372342323,-0.4101032341546626,-0.7628840119623923,0,1,0,1,0,0
613,1,0.6852080657475538,1,-0.009417211420652386,0.6859041742904549,-0.4101032341546626,-0.13943466682100986,1,0,1,0,0,0
614,0,0.6852080657475538,0,-0.009417211420652386,-0.4859842372342323,-0.4101032341546626,-0.7112373206489051,1,0,0,1,0,0
615,0,0.6852080657475538,0,0.6895337597562847,-0.4859842372342323,-0.4101032341546626,-0.6891030243716961,0,1,0,1,0,0
616,1,-0.71037107381173,1,-0.40881776637890216,0.6859041742904549,2.1279605583389998,3.51272421891845,0,1,1,0,0,0
617,0,0.6852080657475538,0,0.5896836210167222,0.6859041742904549,0.8589286620921687,-0.22059375317077562,0,1,0,1,0,0
618,0,0.6852080657475538,1,-0.20911748889977727,0.6859041742904549,-0.4101032341546626,-0.09516607426659206,0,1,0,0,1,0
619,1,-0.71037107381173,1,-2.4058205411701508,1.8577925858151423,0.8589286620921687,1.5944185415603498,0,1,1,0,0,0
620,0,-0.71037107381173,0,-0.20911748889977727,-0.4859842372342323,-0.4101032341546626,-0.5083396047744906,0,1,0,1,0,0
621,0,0.6852080657475538,0,-0.10926735016021483,0.6859041742904549,-0.4101032341546626,-0.21659482364335989,0,0,0,1,0,0
622,1,-2.1059502133710137,0,1.3884847309332218,0.6859041742904549,-0.4101032341546626,2.5944608035621637,0,1,0,1,0,0
623,1,0.6852080657475538,0,-0.8082183213371519,0.6859041742904549,0.8589286620921687,-0.12160180212033861,0,0,0,1,0,0
624,0,0.6852080657475538,0,-0.7083681825975895,-0.4859842372342323,-0.4101032341546626,-0.7035493417419546,0,1,0,1,0,0
625,0,0.6852080657475538,0,-0.7083681825975895,-0.4859842372342323,-0.4101032341546626,-0.09516607426659206,0,1,0,1,0,0
629,0,0.6852080657475538,0,-0.20911748889977727,-0.4859842372342323,-0.4101032341546626,-0.7004800526581815,0,1,0,1,0,0
630,0,0.6852080657475538,0,-0.009417211420652386,-0.4859842372342323,-0.4101032341546626,-0.7124694631416697,1,0,0,1,0,0
632,0,0.6852080657475538,0,2.2871359795892836,-0.4859842372342323,-0.4101032341546626,-0.7625741318145115,0,1,0,1,0,0
633,1,-2.1059502133710137,0,0.38998334353759734,-0.4859842372342323,-0.4101032341546626,0.9672801470394324,0,0,0,0,0,1
634,0,-2.1059502133710137,0,-0.009417211420652386,-0.4859842372342323,-0.4101032341546626,-1.2830399744768002,0,1,0,1,0,0
635,0,0.6852080657475538,1,-1.9065698474723387,3.0296809973398298,2.1279605583389998,0.7754495793036223,0,1,1,0,0,0
636,1,-0.71037107381173,1,-0.009417211420652386,-0.4859842372342323,-0.4101032341546626,-0.32388713579775025,0,1,1,0,0,0
637,0,0.6852080657475538,0,0.38998334353759734,-0.4859842372342323,-0.4101032341546626,-0.6983256478205332,0,1,0,1,0,0
638,0,-0.71037107381173,0,0.29013320479803495,0.6859041742904549,0.8589286620921687,0.6537109497789738,0,1,0,1,0,0
639,0,0.6852080657475538,1,1.2886345921936593,-0.4859842372342323,5.935056247079493,1.6451429705289533,0,1,0,0,1,0
640,0,0.6852080657475538,0,-0.009417211420652386,0.6859041742904549,-0.4101032341546626,-0.09516607426659206,0,1,0,1,0,0
641,0,0.6852080657475538,0,-0.8082183213371519,-0.4859842372342323,-0.4101032341546626,-0.7035493417419546,0,1,0,1,0,0
644,1,0.6852080657475538,0,-0.009417211420652386,-0.4859842372342323,-0.4101032341546626,2.885275944249652,0,1,0,1,0,0
647,0,0.6852080657475538,0,-0.9080684600767143,-0.4859842372342323,-0.4101032341546626,-0.7004800526581815,0,1,0,1,0,0
649,0,0.6852080657475538,0,-0.009417211420652386,-0.4859842372342323,-0.4101032341546626,-0.7259935181670443,0,1,0,1,0,0
650,1,0.6852080657475538,1,-0.5086679051184646,-0.4859842372342323,-0.4101032341546626,-0.7259935181670443,0,1,1,0,0,0
651,0,0.6852080657475538,0,-0.009417211420652386,-0.4859842372342323,-0.4101032341546626,-0.7004800526581815,0,1,0,1,0,0
652,1,-0.71037107381173,1,-1.0079185988162767,-0.4859842372342323,0.8589286620921687,0.4139227401092113,0,1,1,0,0,0
653,0,0.6852080657475538,0,-0.7083681825975895,-0.4859842372342323,-0.4101032341546626,-0.6608227718281825,0,1,0,1,0,0
654,1,0.6852080657475538,1,-0.009417211420652386,-0.4859842372342323,-0.4101032341546626,-0.7053938664317219,1,0,1,0,0,0
655,0,0.6852080657475538,1,-1.0079185988162767,-0.4859842372342323,-0.4101032341546626,-0.7850183082396012,1,0,1,0,0,0
657,0,0.6852080657475538,0,-0.009417211420652386,-0.4859842372342323,-0.4101032341546626,-0.7004800526581815,0,1,0,1,0,0
658,0,0.6852080657475538,1,0.38998334353759734,0.6859041742904549,0.8589286620921687,-0.13943466682100986,1,0,0,0,1,0
659,0,-0.71037107381173,0,-0.5086679051184646,-0.4859842372342323,-0.4101032341546626,-0.32388713579775025,0,1,0,1,0,0
662,0,0.6852080657475538,0,1.1887844534540968,-0.4859842372342323,-0.4101032341546626,-0.7499723391340206,0,0,0,1,0,0
663,0,-2.1059502133710137,0,1.8877354246310338,-0.4859842372342323,-0.4101032341546626,0.6048310455001374,0,1,0,1,0,0
664,0,0.6852080657475538,0,0.7893838984958471,-0.4859842372342323,-0.4101032341546626,-0.7299924476944601,0,1,0,1,0,0
665,1,0.6852080657475538,0,-0.8082183213371519,0.6859041742904549,-0.4101032341546626,-0.6983256478205332,0,1,0,1,0,0
667,0,-0.71037107381173,0,-0.3089676276393397,-0.4859842372342323,-0.4101032341546626,-0.32388713579775025,0,1,0,1,0,0
668,0,0.6852080657475538,0,-0.009417211420652386,-0.4859842372342323,-0.4101032341546626,-0.7093927959591376,0,1,0,1,0,0
669,0,0.6852080657475538,0,1.4883348696727843,-0.4859842372342323,-0.4101032341546626,-0.6891030243716961,0,1,0,1,0,0
670,1,-2.1059502133710137,1,-0.009417211420652386,0.6859041742904549,-0.4101032341546626,2.5535713802394,0,1,0,0,1,0
671,1,-0.71037107381173,1,1.1887844534540968,0.6859041742904549,0.8589286620921687,1.5944185415603498,0,1,0,0,1,0
672,0,-2.1059502133710137,0,0.29013320479803495,0.6859041742904549,-0.4101032341546626,2.5535713802394,0,1,0,1,0,0
674,1,-0.71037107381173,0,0.29013320479803495,-0.4859842372342323,-0.4101032341546626,-0.32388713579775025,0,1,0,1,0,0
675,0,-0.71037107381173,0,-0.009417211420652386,-0.4859842372342323,-0.4101032341546626,-1.2830399744768002,0,1,0,1,0,0
676,0,0.6852080657475538,0,-1.0079185988162767,-0.4859842372342323,-0.4101032341546626,-0.7093927959591376,0,1,0,1,0,0
677,0,0.6852080657475538,0,-0.3588926970091209,-0.4859842372342323,-0.4101032341546626,-0.6891030243716961,0,1,0,1,0,0
678,1,0.6852080657475538,1,-1.0079185988162767,-0.4859842372342323,-0.4101032341546626,-0.5569096289054459,0,1,1,0,0,0
679,0,0.6852080657475538,1,1.4883348696727843,0.6859041742904549,7.204088143326325,2.1772883435268495,0,1,0,0,1,0
681,0,0.6852080657475538,1,-0.009417211420652386,-0.4859842372342323,-0.4101032341546626,-0.6826471879575103,1,0,1,0,0,0
683,0,0.6852080657475538,0,-0.8082183213371519,-0.4859842372342323,-0.4101032341546626,-0.6024103639526283,0,1,0,1,0,0
684,0,0.6852080657475538,0,-1.4073191537745264,5.373457820389204,2.1279605583389998,2.1772883435268495,0,1,0,1,0,0
686,0,-0.71037107381173,0,-0.3089676276393397,0.6859041742904549,2.1279605583389998,1.7847144647542734,0,0,0,1,0,0
687,0,0.6852080657475538,0,-1.4073191537745264,4.2015694088645175,0.8589286620921687,1.6451429705289533,0,1,0,1,0,0
688,0,0.6852080657475538,0,-0.9080684600767143,-0.4859842372342323,-0.4101032341546626,-0.5326283058893478,0,1,0,1,0,0
689,0,0.6852080657475538,0,-1.0079185988162767,-0.4859842372342323,-0.4101032341546626,-0.7078581514172512,0,1,0,1,0,0
691,1,-2.1059502133710137,0,0.29013320479803495,0.6859041742904549,-0.4101032341546626,2.9224763181928806,0,1,0,1,0,0
692,1,0.6852080657475538,1,-2.4058205411701508,-0.4859842372342323,0.8589286620921687,-0.29314259826870714,0,0,1,0,0,0
693,1,0.6852080657475538,0,-0.009417211420652386,-0.4859842372342323,-0.4101032341546626,2.885275944249652,0,1,0,1,0,0
694,0,0.6852080657475538,0,-0.3089676276393397,-0.4859842372342323,-0.4101032341546626,-0.7499723391340206,0,0,0,1,0,0
696,0,-0.71037107381173,0,2.386986118328846,-0.4859842372342323,-0.4101032341546626,-0.28699664200240216,0,1,0,1,0,0
697,0,0.6852080657475538,0,1.5881850084123466,-0.4859842372342323,-0.4101032341546626,-0.6891030243716961,0,1,0,1,0,0
698,1,0.6852080657475538,1,-0.009417211420652386,-0.4859842372342323,-0.4101032341546626,-0.7124694631416697,1,0,1,0,0,0
700,0,0.6852080657475538,0,1.3884847309332218,-0.4859842372342323,-0.4101032341546626,-0.7186154194079747,0,1,0,1,0,0
702,1,-2.1059502133710137,0,0.6895337597562847,-0.4859842372342323,-0.4101032341546626,0.656477736813625,0,1,0,1,0,0
703,0,0.6852080657475538,1,-1.0079185988162767,-0.4859842372342323,0.8589286620921687,-0.21659482364335989,0,0,1,0,0,0
704,0,0.6852080657475538,0,-0.3089676276393397,-0.4859842372342323,-0.4101032341546626,-0.7118497028459079,1,0,0,1,0,0
705,0,0.6852080657475538,0,-0.20911748889977727,0.6859041742904549,-0.4101032341546626,-0.7035493417419546,0,1,0,1,0,0
706,0,-0.71037107381173,0,1.0889343147145345,-0.4859842372342323,-0.4101032341546626,0.6352657028812998,0,1,0,1,0,0
707,1,-0.71037107381173,1,1.688035147151909,-0.4859842372342323,-0.4101032341546626,-0.28699664200240216,0,1,0,0,1,0
708,1,-2.1059502133710137,0,1.3884847309332218,-0.4859842372342323,-0.4101032341546626,0.656477736813625,0,1,0,1,0,0
710,1,0.6852080657475538,0,-0.009417211420652386,0.6859041742904549,0.8589286620921687,-0.1581897938665649,0,0,0,0,0,0
711,1,-2.1059502133710137,1,-0.40881776637890216,-0.4859842372342323,-0.4101032341546626,2.3694287914105403,0,0,1,0,0,0
712,0,-2.1059502133710137,0,-0.009417211420652386,-0.4859842372342323,-0.4101032341546626,0.6758452460561827,0,1,0,1,0,0
713,1,-2.1059502133710137,0,1.9875855633705963,0.6859041742904549,-0.4101032341546626,2.5535713802394,0,1,0,1,0,0
714,0,0.6852080657475538,0,0.09043292731891005,-0.4859842372342323,-0.4101032341546626,-0.5833527348579515,0,1,0,1,0,0
715,0,-0.71037107381173,0,2.386986118328846,-0.4859842372342323,-0.4101032341546626,-0.32388713579775025,0,1,0,1,0,0
716,0,0.6852080657475538,0,-0.9080684600767143,-0.4859842372342323,-0.4101032341546626,-0.7186154194079747,0,1,0,1,0,0
718,1,-0.71037107381173,1,-0.10926735016021483,-0.4859842372342323,-0.4101032341546626,-0.5083396047744906,0,1,1,0,0,0
719,0,0.6852080657475538,0,-0.009417211420652386,-0.4859842372342323,-0.4101032341546626,-0.13943466682100986,1,0,0,1,0,0
720,0,0.6852080657475538,0,0.4898334822771598,-0.4859842372342323,-0.4101032341546626,-0.7093927959591376,0,1,0,1,0,0
721,1,-0.71037107381173,1,-2.206120263691026,-0.4859842372342323,0.8589286620921687,1.151732616016173,0,1,1,0,0,0
722,0,0.6852080657475538,0,-1.1077687375558392,0.6859041742904549,-0.4101032341546626,-0.7625741318145115,0,1,0,1,0,0
723,0,-0.71037107381173,0,0.5896836210167222,-0.4859842372342323,-0.4101032341546626,-0.32388713579775025,0,1,0,1,0,0
724,0,-0.71037107381173,0,2.187285840849721,-0.4859842372342323,-0.4101032341546626,-0.32388713579775025,0,1,0,1,0,0
725,1,-2.1059502133710137,0,-0.10926735016021483,0.6859041742904549,-0.4101032341546626,2.6347304665891658,0,1,0,1,0,0
726,0,0.6852080657475538,0,-0.8082183213371519,-0.4859842372342323,-0.4101032341546626,-0.6439121694723948,0,1,0,1,0,0
727,1,-0.71037107381173,1,0.19028306605847248,3.0296809973398298,-0.4101032341546626,0.266360764927819,0,1,0,0,1,0
728,1,0.6852080657475538,1,-0.009417211420652386,-0.4859842372342323,-0.4101032341546626,-0.7121595829937887,1,0,1,0,0,0
729,0,-0.71037107381173,0,-0.3089676276393397,0.6859041742904549,-0.4101032341546626,0.6352657028812998,0,1,0,1,0,0
730,0,0.6852080657475538,1,-0.3089676276393397,0.6859041742904549,-0.4101032341546626,-0.6983256478205332,0,1,1,0,0,0
732,0,0.6852080657475538,0,-1.7068695699932137,-0.4859842372342323,-0.4101032341546626,0.10312032988340385,0,0,0,1,0,0
733,0,-0.71037107381173,0,-0.009417211420652386,-0.4859842372342323,-0.4101032341546626,-1.2830399744768002,0,1,0,1,0,0
734,0,-0.71037107381173,0,-0.5086679051184646,-0.4859842372342323,-0.4101032341546626,-0.32388713579775025,0,1,0,1,0,0
735,0,-0.71037107381173,0,-0.5086679051184646,-0.4859842372342323,-0.4101032341546626,-0.32388713579775025,0,1,0,1,0,0
736,0,0.6852080657475538,0,0.04050785794912883,-0.4859842372342323,-0.4101032341546626,-0.09516607426659206,0,1,0,1,0,0
737,0,0.6852080657475538,1,1.9875855633705963,0.6859041742904549,3.3969924545858317,1.25318147395338,0,1,0,0,1,0
739,0,0.6852080657475538,0,-0.009417211420652386,-0.4859842372342323,-0.4101032341546626,-0.7004800526581815,0,1,0,1,0,0
740,0,0.6852080657475538,0,-0.009417211420652386,-0.4859842372342323,-0.4101032341546626,-0.7004800526581815,0,1,0,1,0,0
741,1,-2.1059502133710137,0,-0.009417211420652386,-0.4859842372342323,-0.4101032341546626,0.9303896532440844,0,1,0,1,0,0
744,0,0.6852080657475538,0,-0.40881776637890216,0.6859041742904549,-0.4101032341546626,-0.09516607426659206,0,1,0,1,0,0
745,1,0.6852080657475538,0,0.29013320479803495,-0.4859842372342323,-0.4101032341546626,-0.6983256478205332,0,1,0,1,0,0
747,0,0.6852080657475538,0,-1.2076188762954017,0.6859041742904549,0.8589286620921687,0.21102502423479688,0,1,0,1,0,0
748,1,-0.71037107381173,1,0.19028306605847248,-0.4859842372342323,-0.4101032341546626,-0.32388713579775025,0,1,1,0,0,0
749,0,-2.1059502133710137,0,-0.9080684600767143,0.6859041742904549,-0.4101032341546626,2.6347304665891658,0,1,0,1,0,0
750,0,0.6852080657475538,0,0.29013320479803495,-0.4859842372342323,-0.4101032341546626,-0.7112373206489051,1,0,0,1,0,0
751,1,-0.71037107381173,1,-2.4058205411701508,0.6859041742904549,0.8589286620921687,0.4139227401092113,0,1,1,0,0,0
752,1,0.6852080657475538,0,-2.206120263691026,-0.4859842372342323,0.8589286620921687,-0.36262215428286576,0,1,0,0,0,0
753,0,0.6852080657475538,0,0.4898334822771598,-0.4859842372342323,-0.4101032341546626,-0.5821205923651868,0,1,0,1,0,0
754,0,0.6852080657475538,0,-0.5086679051184646,-0.4859842372342323,-0.4101032341546626,-0.7004800526581815,0,1,0,1,0,0
755,1,-0.71037107381173,1,1.9875855633705963,0.6859041742904549,2.1279605583389998,3.51272421891845,0,1,0,0,1,0
757,0,0.6852080657475538,0,-0.009417211420652386,-0.4859842372342323,-0.4101032341546626,-0.7078581514172512,0,1,0,1,0,0
758,0,-0.71037107381173,0,-1.0079185988162767,-0.4859842372342323,-0.4101032341546626,-0.43455861718379446,0,1,0,1,0,0
759,0,0.6852080657475538,0,0.5896836210167222,-0.4859842372342323,-0.4101032341546626,-0.6891030243716961,0,1,0,1,0,0
761,0,0.6852080657475538,0,-0.009417211420652386,-0.4859842372342323,-0.4101032341546626,-0.213215654411706,0,1,0,1,0,0
762,0,0.6852080657475538,0,1.2886345921936593,-0.4859842372342323,-0.4101032341546626,-0.7573504378930902,0,1,0,1,0,0
763,1,0.6852080657475538,0,-0.8082183213371519,-0.4859842372342323,-0.4101032341546626,-0.7496624589861397,0,0,0,1,0,0
765,0,0.6852080657475538,0,-1.2076188762954017,-0.4859842372342323,-0.4101032341546626,-0.7093927959591376,0,1,0,1,0,0
767,0,-2.1059502133710137,0,-0.009417211420652386,-0.4859842372342323,-0.4101032341546626,1.6386871341147675,0,0,0,0,0,1
768,0,0.6852080657475538,1,0.2402081354282537,-0.4859842372342323,-0.4101032341546626,-0.7112373206489051,1,0,1,0,0,0
769,0,0.6852080657475538,0,-0.009417211420652386,0.6859041742904549,-0.4101032341546626,0.49877087583851176,1,0,0,1,0,0
770,0,0.6852080657475538,0,0.38998334353759734,-0.4859842372342323,-0.4101032341546626,-0.6660464657496036,0,1,0,1,0,0
771,0,0.6852080657475538,0,-0.40881776637890216,-0.4859842372342323,-0.4101032341546626,-0.5821205923651868,0,1,0,1,0,0
772,0,0.6852080657475538,0,1.9875855633705963,-0.4859842372342323,-0.4101032341546626,-0.7035493417419546,0,1,0,1,0,0
774,0,0.6852080657475538,0,-0.009417211420652386,-0.4859842372342323,-0.4101032341546626,-0.7499723391340206,0,0,0,1,0,0
775,1,-0.71037107381173,1,2.586686395807971,0.6859041742904549,3.3969924545858317,0.4139227401092113,0,1,0,0,1,0
776,0,0.6852080657475538,0,-1.0079185988162767,-0.4859842372342323,-0.4101032341546626,-0.7112373206489051,0,1,0,1,0,0
777,0,0.6852080657475538,0,-0.009417211420652386,-0.4859842372342323,-0.4101032341546626,-0.7112373206489051,1,0,0,1,0,0
778,1,0.6852080657475538,1,-2.3059704024305883,-0.4859842372342323,-0.4101032341546626,-0.36262215428286576,0,1,1,0,0,0
779,0,0.6852080657475538,0,-0.009417211420652386,-0.4859842372342323,-0.4101032341546626,-0.7121595829937887,1,0,0,1,0,0
781,1,0.6852080657475538,1,-1.507169292514089,-0.4859842372342323,-0.4101032341546626,-0.7496624589861397,0,0,1,0,0,0
782,1,-2.1059502133710137,1,-1.1077687375558392,0.6859041742904549,-0.4101032341546626,2.9224763181928806,0,1,0,0,1,0
783,0,-2.1059502133710137,0,0.09043292731891005,-0.4859842372342323,-0.4101032341546626,0.9303896532440844,0,1,0,1,0,0
784,0,0.6852080657475538,0,-0.009417211420652386,0.6859041742904549,2.1279605583389998,0.4471241845250245,0,1,0,1,0,0
785,0,0.6852080657475538,0,-0.3089676276393397,-0.4859842372342323,-0.4101032341546626,-0.7628840119623923,0,1,0,1,0,0
786,0,0.6852080657475538,0,-0.3089676276393397,-0.4859842372342323,-0.4101032341546626,-0.7481278144442531,0,1,0,1,0,0
787,1,0.6852080657475538,1,-1.0079185988162767,-0.4859842372342323,-0.4101032341546626,-0.7299924476944601,0,1,1,0,0,0
788,0,0.6852080657475538,0,-2.006419986211901,4.2015694088645175,0.8589286620921687,0.8658312891022253,1,0,0,0,0,0
791,0,0.6852080657475538,0,-0.009417211420652386,-0.4859842372342323,-0.4101032341546626,-0.7112373206489051,1,0,0,1,0,0
792,0,-0.71037107381173,0,-1.2076188762954017,-0.4859842372342323,-0.4101032341546626,0.6352657028812998,0,1,0,1,0,0
794,0,-2.1059502133710137,0,-0.009417211420652386,-0.4859842372342323,-0.4101032341546626,0.9817264644096907,0,0,0,1,0,0
795,0,0.6852080657475538,0,-0.3089676276393397,-0.4859842372342323,-0.4101032341546626,-0.7004800526581815,0,1,0,1,0,0
796,0,-0.71037107381173,0,1.0889343147145345,-0.4859842372342323,-0.4101032341546626,-0.32388713579775025,0,1,0,1,0,0
797,1,-2.1059502133710137,1,2.0874357021101586,-0.4859842372342323,-0.4101032341546626,0.6300420089598786,0,1,0,0,0,1
798,1,0.6852080657475538,1,0.29013320479803495,-0.4859842372342323,-0.4101032341546626,-0.6423775249305084,0,1,0,0,1,0
799,0,0.6852080657475538,0,0.19028306605847248,-0.4859842372342323,-0.4101032341546626,-0.7496624589861397,0,0,0,1,0,0
800,0,0.6852080657475538,1,0.19028306605847248,0.6859041742904549,0.8589286620921687,0.49877087583851176,0,1,0,0,1,0
801,0,-0.71037107381173,0,0.5896836210167222,-0.4859842372342323,-0.4101032341546626,-0.32388713579775025,0,1,0,1,0,0
802,1,-0.71037107381173,1,0.29013320479803495,0.6859041742904549,0.8589286620921687,0.6537109497789738,0,1,0,0,1,0
805,1,0.6852080657475538,0,-0.10926735016021483,-0.4859842372342323,-0.4101032341546626,-0.7684175860316946,0,1,0,1,0,0
806,0,0.6852080657475538,0,0.29013320479803495,-0.4859842372342323,-0.4101032341546626,-0.7093927959591376,0,1,0,1,0,0
807,0,-2.1059502133710137,0,1.0889343147145345,-0.4859842372342323,-0.4101032341546626,-1.2830399744768002,0,1,0,1,0,0
808,0,0.6852080657475538,1,-1.0079185988162767,-0.4859842372342323,-0.4101032341546626,-0.7093927959591376,0,1,1,0,0,0
809,0,-0.71037107381173,0,1.0889343147145345,-0.4859842372342323,-0.4101032341546626,-0.32388713579775025,0,1,0,1,0,0
810,1,-2.1059502133710137,1,0.4898334822771598,0.6859041742904549,-0.4101032341546626,2.6347304665891658,0,1,0,0,1,0
811,0,0.6852080657475538,0,-0.20911748889977727,-0.4859842372342323,-0.4101032341546626,-0.7010924348551844,0,1,0,1,0,0
812,0,0.6852080657475538,0,1.0889343147145345,-0.4859842372342323,-0.4101032341546626,0.49877087583851176,0,1,0,1,0,0
813,0,-0.71037107381173,0,0.6895337597562847,-0.4859842372342323,-0.4101032341546626,-0.5083396047744906,0,1,0,1,0,0
814,0,0.6852080657475538,1,-2.206120263691026,4.2015694088645175,2.1279605583389998,1.0244604124222219,0,1,1,0,0,0
815,0,0.6852080657475538,0,0.2402081354282537,-0.4859842372342323,-0.4101032341546626,-0.6891030243716961,0,1,0,1,0,0
816,0,-2.1059502133710137,0,-0.009417211420652386,-0.4859842372342323,-0.4101032341546626,-1.2830399744768002,0,1,0,1,0,0
817,0,0.6852080657475538,1,-0.5086679051184646,-0.4859842372342323,-0.4101032341546626,-0.6983256478205332,0,1,1,0,0,0
818,0,-0.71037107381173,0,0.29013320479803495,0.6859041742904549,0.8589286620921687,1.4471664465268381,0,0,0,1,0,0
819,0,0.6852080657475538,0,1.4883348696727843,-0.4859842372342323,-0.4101032341546626,-0.8071526045168101,0,1,0,1,0,0
820,0,0.6852080657475538,0,-1.8067197087327762,3.0296809973398298,2.1279605583389998,0.7754495793036223,0,1,0,0,0,0
822,1,0.6852080657475538,0,-0.10926735016021483,-0.4859842372342323,-0.4101032341546626,-0.6439121694723948,0,1,0,1,0,0
823,0,-2.1059502133710137,0,0.989084175974972,-0.4859842372342323,-0.4101032341546626,-1.2830399744768002,0,1,0,0,0,1
824,1,0.6852080657475538,1,-0.10926735016021483,-0.4859842372342323,0.8589286620921687,-0.36262215428286576,0,1,0,0,1,0
826,0,0.6852080657475538,0,-0.009417211420652386,-0.4859842372342323,-0.4101032341546626,-0.770262110721462,1,0,0,1,0,0
827,0,0.6852080657475538,0,-0.009417211420652386,-0.4859842372342323,-0.4101032341546626,2.885275944249652,0,1,0,1,0,0
829,1,0.6852080657475538,0,-0.009417211420652386,-0.4859842372342323,-0.4101032341546626,-0.7112373206489051,1,0,0,1,0,0
831,1,0.6852080657475538,1,-1.3074690150349642,0.6859041742904549,-0.4101032341546626,-0.21659482364335989,0,0,0,0,1,0
833,0,0.6852080657475538,0,-0.009417211420652386,-0.4859842372342323,-0.4101032341546626,-0.7496624589861397,0,0,0,1,0,0
834,0,0.6852080657475538,0,-0.5086679051184646,-0.4859842372342323,-0.4101032341546626,-0.7035493417419546,0,1,0,1,0,0
835,0,0.6852080657475538,0,-1.0079185988162767,-0.4859842372342323,-0.4101032341546626,-0.6706577774740221,0,1,0,1,0,0
837,0,0.6852080657475538,0,-0.7083681825975895,-0.4859842372342323,-0.4101032341546626,-0.6439121694723948,0,1,0,1,0,0
838,0,0.6852080657475538,0,-0.009417211420652386,-0.4859842372342323,-0.4101032341546626,-0.6891030243716961,0,1,0,1,0,0
839,1,0.6852080657475538,0,0.38998334353759734,-0.4859842372342323,-0.4101032341546626,2.885275944249652,0,1,0,1,0,0
840,1,-2.1059502133710137,0,-0.009417211420652386,-0.4859842372342323,-0.4101032341546626,0.9082553569668755,0,0,0,1,0,0
841,0,0.6852080657475538,0,-0.8082183213371519,-0.4859842372342323,-0.4101032341546626,-0.6983256478205332,0,1,0,1,0,0
842,0,-0.71037107381173,0,-1.2076188762954017,-0.4859842372342323,-0.4101032341546626,-0.5083396047744906,0,1,0,1,0,0
843,1,-2.1059502133710137,1,0.19028306605847248,-0.4859842372342323,-0.4101032341546626,1.0041706408347806,0,0,1,0,0,0
844,0,0.6852080657475538,0,0.6396086903865035,-0.4859842372342323,-0.4101032341546626,-0.8080748668616937,0,0,0,1,0,0
845,0,0.6852080657475538,0,-1.1077687375558392,-0.4859842372342323,-0.4101032341546626,-0.6439121694723948,0,1,0,1,0,0
846,0,0.6852080657475538,0,1.3884847309332218,-0.4859842372342323,-0.4101032341546626,-0.7259935181670443,0,1,0,1,0,0
848,0,0.6852080657475538,0,0.6895337597562847,-0.4859842372342323,-0.4101032341546626,-0.7004800526581815,0,0,0,1,0,0
849,0,-0.71037107381173,0,-0.009417211420652386,-0.4859842372342323,0.8589286620921687,1.151732616016173,0,1,0,0,0,1
851,0,0.6852080657475538,0,-2.4058205411701508,4.2015694088645175,2.1279605583389998,1.0244604124222219,0,1,0,0,0,0
853,0,0.6852080657475538,1,-1.9065698474723387,0.6859041742904549,0.8589286620921687,-0.1581897938665649,0,0,1,0,0,0
854,1,-2.1059502133710137,1,-1.2076188762954017,-0.4859842372342323,0.8589286620921687,1.6239309365966281,0,1,1,0,0,0
855,0,-0.71037107381173,1,1.5881850084123466,0.6859041742904549,-0.4101032341546626,0.6352657028812998,0,1,0,0,1,0
856,1,0.6852080657475538,1,-1.0079185988162767,-0.4859842372342323,0.8589286620921687,-0.5931877405037912,0,1,0,0,1,0
858,1,-2.1059502133710137,0,2.2871359795892836,-0.4859842372342323,-0.4101032341546626,0.6758452460561827,0,1,0,1,0,0
859,1,0.6852080657475538,1,-0.40881776637890216,-0.4859842372342323,3.3969924545858317,0.1378564188411034,0,0,0,0,1,0
860,0,0.6852080657475538,0,-0.009417211420652386,-0.4859842372342323,-0.4101032341546626,-0.7496624589861397,0,0,0,1,0,0
861,0,0.6852080657475538,0,1.2886345921936593,1.8577925858151423,-0.4101032341546626,-0.24211566725098171,0,1,0,1,0,0
862,0,-0.71037107381173,0,-0.7083681825975895,0.6859041742904549,-0.4101032341546626,-0.43455861718379446,0,1,0,1,0,0
863,1,-2.1059502133710137,1,1.9875855633705963,-0.4859842372342323,-0.4101032341546626,0.6300420089598786,0,1,0,0,1,0
865,0,-0.71037107381173,0,-0.40881776637890216,-0.4859842372342323,-0.4101032341546626,-0.32388713579775025,0,1,0,1,0,0
866,1,-0.71037107381173,1,1.3884847309332218,-0.4859842372342323,-0.4101032341546626,-0.32388713579775025,0,1,0,0,1,0
867,1,-0.71037107381173,1,-0.10926735016021483,0.6859041742904549,-0.4101032341546626,-0.26056091414865573,0,0,1,0,0,0
868,0,-2.1059502133710137,0,0.29013320479803495,-0.4859842372342323,-0.4101032341546626,2.442590018705475,0,1,0,1,0,0
869,0,0.6852080657475538,0,-0.009417211420652386,-0.4859842372342323,-0.4101032341546626,-0.5821205923651868,0,1,0,1,0,0
870,1,0.6852080657475538,0,-2.4058205411701508,0.6859041742904549,0.8589286620921687,-0.46161410533330277,0,1,0,0,0,0
871,0,0.6852080657475538,0,-0.20911748889977727,-0.4859842372342323,-0.4101032341546626,-0.7004800526581815,0,1,0,1,0,0
872,1,-2.1059502133710137,1,1.8877354246310338,0.6859041742904549,0.8589286620921687,2.5944608035621637,0,1,0,0,1,0
873,0,-2.1059502133710137,0,0.4898334822771598,-0.4859842372342323,-0.4101032341546626,-0.9141350365233195,0,1,0,1,0,0
874,0,0.6852080657475538,0,1.8877354246310338,-0.4859842372342323,-0.4101032341546626,-0.6190110861605349,0,1,0,1,0,0
875,1,-0.71037107381173,1,-0.009417211420652386,0.6859041742904549,-0.4101032341546626,0.48770372769990744,0,0,0,0,1,0
876,1,0.6852080657475538,1,-1.3074690150349642,-0.4859842372342323,-0.4101032341546626,-0.7499723391340206,0,0,1,0,0,0
877,0,0.6852080657475538,0,-0.8082183213371519,-0.4859842372342323,-0.4101032341546626,-0.5566071268563241,0,1,0,1,0,0
878,0,0.6852080657475538,0,-0.9080684600767143,-0.4859842372342323,-0.4101032341546626,-0.7004800526581815,0,1,0,1,0,0
879,0,0.6852080657475538,0,-0.009417211420652386,-0.4859842372342323,-0.4101032341546626,-0.7004800526581815,0,1,0,1,0,0
881,1,-0.71037107381173,1,-0.3089676276393397,-0.4859842372342323,0.8589286620921687,0.6352657028812998,0,1,0,0,1,0
882,0,0.6852080657475538,0,0.4898334822771598,-0.4859842372342323,-0.4101032341546626,-0.7004800526581815,0,1,0,1,0,0
883,0,0.6852080657475538,1,-0.608518043858027,-0.4859842372342323,-0.4101032341546626,-0.507107462281726,0,1,1,0,0,0
884,0,-0.71037107381173,0,-0.009417211420652386,-0.4859842372342323,-0.4101032341546626,-0.5083396047744906,0,1,0,1,0,0
885,0,0.6852080657475538,0,-0.3089676276393397,-0.4859842372342323,-0.4101032341546626,-0.7628840119623923,0,1,0,1,0,0
886,0,0.6852080657475538,1,1.0889343147145345,-0.4859842372342323,5.935056247079493,0.8658312891022253,1,0,0,0,1,0
887,0,-0.71037107381173,0,-0.10926735016021483,-0.4859842372342323,-0.4101032341546626,-0.32388713579775025,0,1,0,0,0,1
888,1,-2.1059502133710137,1,-0.9080684600767143,-0.4859842372342323,-0.4101032341546626,0.9303896532440844,0,1,1,0,0,0
889,0,0.6852080657475538,1,-0.009417211420652386,0.6859041742904549,2.1279605583389998,0.4471241845250245,0,1,1,0,0,0
890,1,-2.1059502133710137,0,-0.20911748889977727,-0.4859842372342323,-0.4101032341546626,0.9303896532440844,0,0,0,1,0,0
891,0,0.6852080657475538,0,0.38998334353759734,-0.4859842372342323,-0.4101032341546626,-0.7112373206489051,1,0,0,1,0,0
